strategy,market_id,entry_time,exit_time,entry_price,exit_price,position_size,gross_pnl,slippage_cost,fee_cost,net_pnl,roi,hold_time_hours
Trend Filter,market_32,2024-10-02 12:00:00,2024-10-05 05:02:55.862983220,0.26058882322102916,0.019828677787564516,451.60408647541493,-451.60408647541493,6.517033459793932,18.064163459016598,-476.18528339422545,-1.0544308558203197,65.04885082861111
NO-Side Bias,market_32,2024-10-03 09:00:00,2024-10-05 05:02:55.862983220,0.034950628555067934,0.01989586094368339,147.230726819526,-147.230726819526,1.634525346898196,5.889229072781041,-154.75448123920526,-1.051101795000318,44.04885082861111
Expert Fade,market_32,2024-10-03 09:00:00,2024-10-05 05:02:55.862983220,0.03502552838036827,0.019883368551930704,253.51341545837357,-253.51341545837357,3.5192897923082036,10.140536618334943,-267.1732418690167,-1.0538820653177072,44.04885082861111
Whale Copy,market_32,2024-10-03 21:00:00,2024-10-05 05:02:55.862983220,0.10100851403044772,0.01976785227590426,407.8564591713998,-407.8564591713998,6.392772289256761,16.31425836685599,-430.56348982751257,-1.0556740739186632,32.04885082861111
News Mean Reversion,market_32,2024-10-04 15:00:00,2024-10-05 05:02:55.862983220,0.23977357598836477,0.019784209985550513,386.97284851108157,-386.97284851108157,11.816042926874943,15.478913940443263,-414.26780537839977,-1.0705345529339807,14.04885082861111
Whale Copy,market_374,2024-10-01 06:00:00,2024-10-08 04:54:31.199700536,0.28333552651724936,0.9584720598727652,500.0,358.3322367413753,12.993214638782712,20.0,325.3390221025926,0.6506780442051852,166.90866658333334
Trend Filter,market_374,2024-10-01 18:00:00,2024-10-08 04:54:31.199700536,0.3221494679082534,0.9574475474730604,445.1863274475115,301.7697889402662,12.063587141172537,17.80745309790046,271.8987487011932,0.6107526937319312,154.90866658333334
News Mean Reversion,market_470,2024-10-06 03:00:00,2024-10-08 19:06:45.733932171,0.1707419287452195,0.019549808790761392,366.85519328210205,-366.85519328210205,10.200072715703346,14.674207731284083,-391.7294737290895,-1.0678040842885377,64.11270387
Whale Copy,market_470,2024-10-06 15:00:00,2024-10-08 19:06:45.733932171,0.2079647666195953,0.019760954054018575,348.0484622466275,-348.0484622466275,5.897540850103642,13.921938489865099,-367.8679415865962,-1.0569445967726316,52.112703870000004
Expert Fade,market_470,2024-10-07 00:00:00,2024-10-08 19:06:45.733932171,0.12633337154526175,0.019890240587091573,70.53187081781427,-70.53187081781427,0.4545479031120437,2.8212748327125707,-73.80769355363888,-1.046444574599278,43.112703870000004
NO-Side Bias,market_470,2024-10-07 18:00:00,2024-10-08 19:06:45.733932171,0.06545623189408024,0.019899407216225563,67.21463247854508,-67.21463247854508,0.4174408468115465,2.6885852991418036,-70.32065862449844,-1.0462105650424376,25.11270387
Trend Filter,market_427,2024-10-10 18:00:00,2024-10-16 07:09:28.492137284,0.27304012164460667,0.9579058621160721,403.44311622446344,293.2869586938568,11.488498069929463,16.137724648978537,265.6607359749488,0.6584837497317547,133.15791448250002
Whale Copy,market_427,2024-10-12 06:00:00,2024-10-16 07:09:28.492137284,0.32840985683184687,0.9590710085105781,382.74787442607976,257.0496997831172,10.426069714656588,15.30991497704319,231.31371509141744,0.6043500971449317,97.1579144825
Whale Copy,market_169,2024-10-15 12:00:00,2024-10-17 23:14:52.146983464,0.5806890240881811,0.9691117856864759,322.7713488527053,135.341569283802,5.393139677942706,12.91085395410821,117.03757565175107,0.36260212087523436,59.24781860638889
NO-Side Bias,market_114,2024-10-20 18:00:00,2024-10-21 16:51:05.429696593,0.07878852409144652,0.01997868329256754,51.41946948443344,-51.41946948443344,0.1062798074547838,2.0567787793773378,-53.582528071265564,-1.0420669176193458,22.85150824888889
Whale Copy,market_465,2024-10-22 18:00:00,2024-10-24 04:27:22.651383635,0.2858055048717538,0.01991760654340339,329.12326341434687,-329.12326341434687,2.9919550312168575,13.164930536573875,-345.2801489821376,-1.0490906823181627,34.45629205083333
Whale Copy,market_209,2024-10-22 06:00:00,2024-10-25 04:50:45.892255333,0.5097998454715449,0.9752567448299907,350.0312501927568,171.5853729342777,3.598122884955391,14.00125000771027,153.98600004161204,0.43992072124078735,70.84608118194444
Trend Filter,market_146,2024-10-23 21:00:00,2024-10-27 16:53:01.619522866,0.291464903832949,0.019889210977542864,312.256173236952,-312.256173236952,3.265942395537551,12.490246929478081,-328.0123625619676,-1.0504591763925166,91.88378320055556
Expert Fade,market_146,2024-10-26 06:00:00,2024-10-27 16:53:01.619522866,0.11320822264042378,0.019889294329182537,73.03825630087108,-73.03825630087108,0.4764016042684741,2.9215302520348434,-76.4361881571744,-1.0465226311305407,34.883783200555555
Whale Copy,market_146,2024-10-26 09:00:00,2024-10-27 16:53:01.619522866,0.15197713817829006,0.01989768288891327,267.4467455218851,-267.4467455218851,2.695661542500117,10.697869820875404,-280.8402768852606,-1.050079246009294,31.883783200555555
NO-Side Bias,market_146,2024-10-26 12:00:00,2024-10-27 16:53:01.619522866,0.060603474233970674,0.01997891617668775,57.74010878630393,-57.74010878630393,0.1183666940247729,2.3096043514521574,-60.16807983178086,-1.0420499908384802,28.883783200555555
Trend Filter,market_261,2024-10-18 06:00:00,2024-10-27 22:01:17.867917778,0.2936401603084962,0.019646031026832975,395.9516877476935,-395.9516877476935,9.272523325946397,15.83806750990774,-421.0622785835476,-1.063418319994269,232.02162997694444
Whale Copy,market_261,2024-10-19 21:00:00,2024-10-27 22:01:17.867917778,0.18176109543167904,0.019580097408453893,375.64491203710327,-375.64491203710327,9.581025908762994,15.02579648148413,-400.2517344273504,-1.065505538879272,193.02162997694444
Expert Fade,market_261,2024-10-20 06:00:00,2024-10-27 22:01:17.867917778,0.12874109607807657,0.01988166323423859,73.14083610193347,-73.14083610193347,0.7508899868831381,2.925633444077339,-76.81735953289395,-1.0502663577134481,184.02162997694444
NO-Side Bias,market_261,2024-10-22 15:00:00,2024-10-27 22:01:17.867917778,0.07234835363455605,0.019899456132217934,58.01562161330163,-58.01562161330163,0.33963014676873754,2.3206248645320655,-60.67587662460244,-1.0458541154489822,127.02162997694445
Whale Copy,market_300,2024-10-14 03:00:00,2024-10-28 04:13:39.323360617,0.25081442022515665,0.971904939221371,363.11512970208923,272.0406189708772,4.528266325176258,14.52460518808357,252.98774745761736,0.6967149720948732,337.2275898222222
Trend Filter,market_300,2024-10-14 18:00:00,2024-10-28 04:13:39.323360617,0.15527498146397464,0.971984306325607,344.51981615084924,291.02450808405416,4.273380502925998,13.78079264603397,272.9703349350942,0.7923211442083585,322.2275898222222
Expert Fade,market_300,2024-10-15 06:00:00,2024-10-28 04:13:39.323360617,0.11934285146948377,0.9748714446022648,80.12920582842018,70.56635791887135,0.7912205738448217,3.205168233136807,66.56996911188972,0.8307828390866033,310.2275898222222
Trend Filter,market_247,2024-10-25 18:00:00,2024-10-30 07:53:33.197443338,0.2109047568893558,0.01983254196714679,305.8005013462987,-305.8005013462987,3.8406821946755327,12.232020053851947,-321.8732035948262,-1.0525594372074827,109.89255484527777
Expert Fade,market_247,2024-10-25 21:00:00,2024-10-30 07:53:33.197443338,0.10847948459573627,0.019902778607693686,84.42016471995053,-84.42016471995053,0.7783142672274365,3.3768065887980216,-88.575285575976,-1.0492195303078282,106.89255484527777
Whale Copy,market_247,2024-10-26 03:00:00,2024-10-30 07:53:33.197443338,0.11239291298595214,0.019787012542002727,285.8168380447093,-285.8168380447093,4.341310167076955,11.432673521788372,-301.5908217335746,-1.0551891337010657,100.89255484527777
NO-Side Bias,market_247,2024-10-26 15:00:00,2024-10-30 07:53:33.197443338,0.06602224832409173,0.019883129315814076,50.969269045282395,-50.969269045282395,0.354958177297417,2.038770761811296,-53.36299798439111,-1.046964160639268,88.89255484527777
Whale Copy,market_439,2024-10-28 03:00:00,2024-10-31 08:43:10.698966106,0.5393455667800767,0.01989078680634107,223.40966046541405,-223.40966046541405,2.1190423515613674,8.936386418616562,-234.465089235592,-1.0494850077080236,77.71963860166666
NO-Side Bias,market_439,2024-10-30 18:00:00,2024-10-31 08:43:10.698966106,0.07492096727550816,0.01997928534260806,45.187300888695475,-45.187300888695475,0.08490509242981109,1.807492035547819,-47.079698016673106,-1.0418789591491413,14.719638601666668
News Mean Reversion,market_424,2024-10-31 15:00:00,2024-11-01 09:26:10.007244828,0.19492868310029893,0.019816911139637742,260.5905943408673,-260.5905943408673,3.7939886604294455,10.423623773634693,-274.8082067749315,-1.054559192629442,18.43611312333333
Whale Copy,market_33,2024-10-31 12:00:00,2024-11-01 13:15:08.177097264,0.3955075999339904,0.9745851536968424,274.67886119841205,166.04128405322643,3.110596500061655,10.987154447936483,151.94353310522828,0.5531679155880623,25.252271415833334
Trend Filter,market_157,2024-10-27 18:00:00,2024-11-04 11:10:37.658241629,0.2831908776157648,0.019897988204686388,248.19068034508896,-248.19068034508896,2.302540505871721,9.927627213803559,-260.42084806476424,-1.0492773044607082,185.17712728916666
Whale Copy,market_157,2024-10-27 21:00:00,2024-11-04 11:10:37.658241629,0.16570555066138573,0.01988020033361527,235.48112456440114,-235.48112456440114,2.6490629321889694,9.419244982576046,-247.54943247916617,-1.0512495765301328,182.17712728916666
Expert Fade,market_157,2024-10-28 18:00:00,2024-11-04 11:10:37.658241629,0.11181343755122988,0.019886627901499206,77.88743738787053,-77.88743738787053,0.5052021487281549,3.1154974955148216,-81.50813703211351,-1.0464863110877856,161.17712728916666
NO-Side Bias,market_157,2024-10-30 03:00:00,2024-11-04 11:10:37.658241629,0.07874765339602137,0.019980969899907303,40.740957751342734,-40.740957751342734,0.07965321416482077,1.6296383100537093,-42.45024927556126,-1.0419551139335255,128.17712728916666
Whale Copy,market_217,2024-11-01 06:00:00,2024-11-05 10:46:34.558425936,0.4577560104166432,0.0197728079486854,223.4082231922617,-223.4082231922617,3.6517697072342177,8.936328927690468,-235.99632182718636,-1.0563457264690368,100.77626622916667
NO-Side Bias,market_217,2024-11-04 09:00:00,2024-11-05 10:46:34.558425936,0.07437207394803917,0.019979886697222397,28.388860188700303,-28.388860188700303,0.05551606409649557,1.1355544075480122,-29.57993066034481,-1.041955558050851,25.776266229166666
Expert Fade,market_217,2024-11-04 09:00:00,2024-11-05 10:46:34.558425936,0.07436382791623682,0.019915831452248883,73.78953276087233,-73.78953276087233,0.37244083091081853,2.9515813104348934,-77.11355490221804,-1.0450473396019158,25.776266229166666
Expert Fade,market_471,2024-11-02 12:00:00,2024-11-06 08:59:55.257967283,0.08825722112178978,0.019894693367064776,83.3215027590482,-83.3215027590482,0.5291382265867429,3.332860110361928,-87.18350109599687,-1.0463505602883438,92.99868276861112
NO-Side Bias,market_471,2024-11-02 15:00:00,2024-11-06 08:59:55.257967283,0.05019289992696761,0.019899341642179654,59.737712080938735,-59.737712080938735,0.35554541028125874,2.3895084832375493,-62.48276597445754,-1.0459517748152043,89.99868276861112
Trend Filter,market_471,2024-11-03 06:00:00,2024-11-06 08:59:55.257967283,0.07974657968700721,0.019807199776880918,203.69264385861197,-203.69264385861197,3.171246567807368,8.147705754344479,-215.01159618076383,-1.055568782984665,74.99868276861112
Whale Copy,market_471,2024-11-04 00:00:00,2024-11-06 08:59:55.257967283,0.05295957547079977,0.019905899313712994,180.63959881138874,-180.63959881138874,1.6788389224628262,7.225583952455549,-189.5440216863071,-1.0492938587857237,56.99868276861111
Trend Filter,market_224,2024-11-05 18:00:00,2024-11-07 04:43:00.086843096,0.3536378190789441,0.9743773103866744,123.8265392268056,80.03679195054474,0.8266600957885518,4.953061569072224,74.25707028568397,0.5996862284075611,34.71669078972222
Whale Copy,market_224,2024-11-05 21:00:00,2024-11-07 04:43:00.086843096,0.44790501366133306,0.9746948713382627,139.63266362737195,77.09049351778559,0.9078488600321315,5.585306545094879,70.59733811265858,0.5055932922762028,31.71669078972222
Whale Copy,market_464,2024-10-31 21:00:00,2024-11-08 01:37:07.337406609,0.5414890894569644,0.01991938553098693,247.23005268380908,-247.23005268380908,2.1578157123630124,9.889202107352363,-259.27707050352444,-1.0487279668832281,172.618704835
Trend Filter,market_464,2024-11-04 09:00:00,2024-11-08 01:37:07.337406609,0.3452247852356773,0.019914953087583835,143.62206599541804,-143.62206599541804,0.7291134413608418,5.744882639816722,-150.09606207659562,-1.04507661156597,88.618704835
Expert Fade,market_464,2024-11-05 15:00:00,2024-11-08 01:37:07.337406609,0.08274155255010276,0.019983534107761526,60.0988190510157,-60.0988190510157,0.11286898247585678,2.4039527620406282,-62.61564079553219,-1.0418780565784502,58.618704835
NO-Side Bias,market_464,2024-11-06 09:00:00,2024-11-08 01:37:07.337406609,0.04211345042302506,0.019982774523017895,40.93076110787469,-40.93076110787469,0.20720927938953482,1.6372304443149874,-42.77520083157921,-1.0450624340662376,40.618704835
Trend Filter,market_35,2024-11-01 18:00:00,2024-11-08 17:08:33.547298850,0.29409405422988216,0.019895097648825983,233.99471401794554,-233.99471401794554,2.344627940744537,9.359788560717822,-245.6991305194079,-1.0500200038730991,167.1426520272222
Expert Fade,market_35,2024-11-04 00:00:00,2024-11-08 17:08:33.547298850,0.10865624204408549,0.019983555713727244,55.799744589037985,-55.799744589037985,0.11143802890186537,2.2319897835615197,-58.14317240150137,-1.0419971064334181,113.14265202722223
Whale Copy,market_35,2024-11-04 00:00:00,2024-11-08 17:08:33.547298850,0.10904328292405974,0.01989614927851998,190.39487175334042,-190.39487175334042,1.8913218905101372,7.615794870133617,-199.90198851398418,-1.0499336808449355,113.14265202722223
News Mean Reversion,market_35,2024-11-05 00:00:00,2024-11-08 17:08:33.547298850,0.05337559523286934,0.019900165662273126,158.8393470904686,-158.8393470904686,0.9678871776538762,6.353573883618744,-166.16080815174124,-1.0460934975834584,89.14265202722223
NO-Side Bias,market_35,2024-11-06 00:00:00,2024-11-08 17:08:33.547298850,0.07789638092094728,0.019983210232686236,19.84556648982019,-19.84556648982019,0.03407209693659542,0.7938226595928076,-20.673461246349593,-1.0417168618972945,65.14265202722223
Whale Copy,market_450,2024-11-03 00:00:00,2024-11-11 04:44:45.447673653,0.5493490070253167,0.019894583015879125,214.701833073729,-214.701833073729,2.3195755535299423,8.58807332294916,-225.6094819502081,-1.0508037063322762,196.74595768694445
Trend Filter,market_450,2024-11-08 06:00:00,2024-11-11 04:44:45.447673653,0.2002969127934911,0.019914698425719878,140.5781067386351,-140.5781067386351,0.7134777728061148,5.6231242695454045,-146.91470878098664,-1.0450753121475211,70.74595768694444
Expert Fade,market_450,2024-11-08 12:00:00,2024-11-11 04:44:45.447673653,0.09703926550446465,0.01998214007367425,45.089568845257894,-45.089568845257894,0.08537840070306901,1.8035827538103157,-46.978529999771276,-1.0418935288779556,64.74595768694444
NO-Side Bias,market_450,2024-11-09 03:00:00,2024-11-11 04:44:45.447673653,0.06574512747829349,0.019983677413873774,25.425974464139152,-25.425974464139152,0.04408440563193887,1.017038978565566,-26.487097848336656,-1.04173383347388,49.74595768694444
Whale Copy,market_173,2024-10-25 09:00:00,2024-11-12 10:34:47.939257932,0.5498947856054182,0.019781929360426054,322.3351288289152,-322.3351288289152,5.425309631879401,12.893405153156607,-340.65384361395115,-1.0568312701491465,433.57998312694446
Trend Filter,market_173,2024-11-01 00:00:00,2024-11-12 10:34:47.939257932,0.32626022591033416,0.019800025944401292,217.52576485957442,-217.52576485957442,3.3993316652014185,8.701030594382978,-229.6261271191588,-1.055627259912847,274.57998312694446
Expert Fade,market_173,2024-11-05 21:00:00,2024-11-12 10:34:47.939257932,0.12086200566832339,0.019979137922565036,33.462702224021236,-33.462702224021236,0.06200955984084909,1.3385080889608494,-34.86321987282293,-1.0418530948106257,157.57998312694446
News Mean Reversion,market_173,2024-11-06 12:00:00,2024-11-12 10:34:47.939257932,0.1348063203249107,0.019902535359323466,129.39473854817473,-129.39473854817473,0.7341350375869904,5.1757895419269895,-135.3046631276887,-1.045673608106667,142.57998312694446
NO-Side Bias,market_173,2024-11-08 03:00:00,2024-11-12 10:34:47.939257932,0.013474465341361541,0.01989846495474755,63.23505751460505,-63.23505751460505,0.6541967978932097,2.529402300584202,-66.41865661308246,-1.050345476443065,103.57998312694444
News Mean Reversion,market_177,2024-11-09 00:00:00,2024-11-13 17:42:28.345898274,0.22683902805253384,0.9760470288800761,131.10110455066052,101.36225741777507,1.1846463097565028,5.244044182026421,94.93356692599215,0.7241248443433793,113.70787386055555
Trend Filter,market_177,2024-11-09 18:00:00,2024-11-13 17:42:28.345898274,0.33110353526515574,0.9744764637216186,111.74065629208718,74.74292996092845,0.7376825834055446,4.469626251683487,69.53562112583941,0.6222947263176538,95.70787386055555
Whale Copy,market_495,2024-11-15 21:00:00,2024-11-16 08:15:24.322971323,0.09051683231598236,0.019906773504995836,96.9515301320096,-96.9515301320096,0.9411633760050477,3.878061205280384,-101.77075471329502,-1.0497075659839876,11.256756380833334
Whale Copy,market_378,2024-11-11 21:00:00,2024-11-19 01:40:18.325824350,0.4298542243073852,0.019905449212935262,100.24485112557494,-100.24485112557494,0.9487248407922408,4.009794045022998,-105.20337001139018,-1.0494640755125049,172.67175717333336
Trend Filter,market_378,2024-11-12 21:00:00,2024-11-19 01:40:18.325824350,0.3474750213357761,0.019914098259622256,81.5586190946037,-81.5586190946037,0.4280016042715197,3.262344763784148,-85.24896546265937,-1.045247778947496,148.67175717333336
Expert Fade,market_378,2024-11-15 21:00:00,2024-11-19 01:40:18.325824350,0.1143894683011541,0.01998081813822721,25.98486575905843,-25.98486575905843,0.054686364733515805,1.0393946303623371,-27.078946754154284,-1.0421045467481183,76.67175717333333
NO-Side Bias,market_378,2024-11-17 12:00:00,2024-11-19 01:40:18.325824350,0.04007809360686904,0.019979678204290988,27.917004821775933,-27.917004821775933,0.0568334388983249,1.1166801928710373,-29.090518453545297,-1.042035800017271,37.67175717333333
Whale Copy,market_387,2024-11-10 12:00:00,2024-11-21 04:06:27.054127530,0.5549411796726085,0.9744557850313362,111.36442832759559,49.56372109791403,1.0818699231642928,4.4545771331038235,44.02727404164592,0.3953441390830196,256.1075150352778
Whale Copy,market_92,2024-11-16 03:00:00,2024-11-21 06:17:59.501835863,0.36076191356805637,0.019893122512615095,91.98254005482559,-91.98254005482559,0.5924686118048376,3.6793016021930236,-96.25431026882345,-1.0464410986199304,123.29986162083334
Trend Filter,market_92,2024-11-17 21:00:00,2024-11-21 06:17:59.501835863,0.3182850633124191,0.019980154132656667,77.17637797292883,-77.17637797292883,0.16664268937423518,3.0870551189171533,-80.43007578122022,-1.0421592447553407,81.29986162083334
NO-Side Bias,market_92,2024-11-18 21:00:00,2024-11-21 06:17:59.501835863,0.04967814453413501,0.01998143519451954,20.355721564983707,-20.355721564983707,0.04301338648256428,0.8142288625993483,-21.21296381406562,-1.0421130858144847,57.29986162083333
Expert Fade,market_92,2024-11-18 21:00:00,2024-11-21 06:17:59.501835863,0.04967727585651842,0.019980363193593805,39.098573328645934,-39.098573328645934,0.08402983390399582,1.5639429331458374,-40.74654609569577,-1.0421491790300808,57.29986162083333
Whale Copy,market_110,2024-11-13 18:00:00,2024-11-22 05:47:37.293566293,0.28189655925643625,0.9756148572562955,111.89259587540556,80.35045809185783,1.156620999308101,4.475703835016223,74.71813325753351,0.6677665548195298,203.7936926572222
Whale Copy,market_405,2024-11-20 15:00:00,2024-11-23 11:31:11.914164083,0.20079217677884675,0.019912443458362513,59.83675031295797,-59.83675031295797,0.31652835452200845,2.3934700125183186,-62.546748679998295,-1.0452898653898566,68.51997615666666
Expert Fade,market_405,2024-11-20 18:00:00,2024-11-23 11:31:11.914164083,0.08622209703990677,0.01997612824313338,21.79630084356731,-21.79630084356731,0.04392825178678182,0.8718520337426924,-22.712081129096784,-1.0420153994066268,65.51997615666666
Trend Filter,market_405,2024-11-21 15:00:00,2024-11-23 11:31:11.914164083,0.13259882724419397,0.0199179354841185,60.462899700034704,-60.462899700034704,0.29696210850097327,2.418515988001388,-63.17837779653706,-1.044911476458692,44.519976156666665
NO-Side Bias,market_405,2024-11-22 18:00:00,2024-11-23 11:31:11.914164083,0.014333777419941315,0.019978494328197878,28.903421672505626,-28.903421672505626,0.06360920308094499,1.156136866900225,-30.123167742486796,-1.0422007499251016,17.51997615666667
Trend Filter,market_197,2024-11-20 03:00:00,2024-11-23 14:49:20.539626474,0.3161267060590173,0.01990938958447872,63.944860395511114,-63.944860395511114,0.36581199952563304,2.5577944158204446,-66.86846681085719,-1.0457207412333533,83.82237211833333
Expert Fade,market_197,2024-11-20 15:00:00,2024-11-23 14:49:20.539626474,0.1257501804939331,0.01997656000366232,13.069912257031378,-13.069912257031378,0.0264801718025299,0.5227964902812551,-13.619188919115164,-1.0420260405182358,71.82237211833333
Whale Copy,market_197,2024-11-21 09:00:00,2024-11-23 14:49:20.539626474,0.21728206691888988,0.01991027362718801,63.716247882221616,-63.716247882221616,0.3622421944554295,2.548649915288865,-66.6271399919659,-1.0456852405233439,53.822372118333334
NO-Side Bias,market_197,2024-11-22 00:00:00,2024-11-23 14:49:20.539626474,0.06325587812873167,0.01997650752001864,12.369815643481086,-12.369815643481086,0.024986479516970965,0.4947926257392435,-12.8895947487373,-1.0420199556919136,38.822372118333334
Expert Fade,market_246,2024-11-15 09:00:00,2024-11-24 00:42:45.661689469,0.10942055426423145,0.9791307124293187,30.30413315201876,26.988238106027797,0.06032142346032109,1.2121653260807503,25.715751356486727,0.8485889112051248,207.71268380249998
NO-Side Bias,market_246,2024-11-15 12:00:00,2024-11-24 00:42:45.661689469,0.06883053151171008,0.9790370059809974,19.940903111770623,18.56836015176394,0.04317910664084118,0.797636124470825,17.727544920652274,0.8890041148732196,204.71268380249998
Trend Filter,market_246,2024-11-15 18:00:00,2024-11-24 00:42:45.661689469,0.08149995456617905,0.9757411075553403,103.58792826297883,95.14551681594143,0.9841215685945808,4.143517130519154,90.0178781168277,0.8689996954886401,198.71268380249998
Whale Copy,market_246,2024-11-18 03:00:00,2024-11-24 00:42:45.661689469,0.37047907329655255,0.9758279800573478,77.51951768403052,48.80015861005517,0.39842786748053594,3.1007807073612206,45.30095003521341,0.5843812163519907,141.71268380249998
Trend Filter,market_403,2024-11-19 18:00:00,2024-11-24 07:39:18.603236985,0.30989863661806605,0.9754062362195518,68.62551308753922,47.35856014449556,0.39218233756984056,2.745020523501569,44.221357283424155,0.6443865450887786,109.65516756555556
Whale Copy,market_403,2024-11-20 09:00:00,2024-11-24 07:39:18.603236985,0.35103019252305523,0.9757570921672758,63.75852509223358,41.37735775412078,0.33536964561611937,2.5503410036893435,38.491647104815314,0.6037098105568314,94.65516756555556
Whale Copy,market_308,2024-11-17 18:00:00,2024-11-25 01:07:59.429196529,0.577558941480487,0.9752428499691008,85.8611936296666,36.271293522665225,0.8619251843466839,3.434447745186664,31.974920593131877,0.37240247009661837,175.13317477666666
Whale Copy,market_362,2024-11-28 15:00:00,2024-11-29 02:10:20.380789912,0.40238417321965336,0.019981640250265664,83.54045218134583,-83.54045218134583,0.17532422821373944,3.341618087253833,-87.0573944968134,-1.0420986746376852,11.172327996944444
Whale Copy,market_287,2024-11-26 00:00:00,2024-12-03 00:55:31.375533585,0.47220749643821436,0.019902591626561363,103.08727658664,-103.08727658664,0.9922657599606615,4.1234910634656,-108.20303341006627,-1.0496254920375816,168.9253820925
Trend Filter,market_287,2024-11-29 06:00:00,2024-12-03 00:55:31.375533585,0.3479360081078845,0.019983815105423984,64.39140368122939,-64.39140368122939,0.1121606048653434,2.575656147249176,-67.0792204333439,-1.0417418568077905,90.9253820925
NO-Side Bias,market_287,2024-12-01 15:00:00,2024-12-03 00:55:31.375533585,0.06083540987850149,0.01998323118557192,16.29265938152438,-16.29265938152438,0.02983494247460323,0.6517063752609752,-16.97420069925996,-1.0418311892353458,33.9253820925
Expert Fade,market_287,2024-12-01 15:00:00,2024-12-03 00:55:31.375533585,0.0608356733648366,0.01998351036509517,34.95865663357931,-34.95865663357931,0.06367948960717489,1.3983462653431724,-36.420682388529656,-1.0418215656932883,33.9253820925
Whale Copy,market_297,2024-11-27 21:00:00,2024-12-04 07:00:34.435292133,0.512631882583405,0.019910895529455925,88.03507877937209,-88.03507877937209,0.4889675597626275,3.5214031511748836,-92.0454494903096,-1.0455542354995564,154.00956535888886
Expert Fade,market_297,2024-12-02 06:00:00,2024-12-04 07:00:34.435292133,0.12421692096548688,0.019981715578342503,13.185536430772892,-13.185536430772892,0.025611032420680746,0.5274214572309157,-13.738568920424488,-1.041942358018966,49.00956535888889
Trend Filter,market_297,2024-12-02 15:00:00,2024-12-04 07:00:34.435292133,0.22726463916944736,0.01989328228151924,54.45110862121055,-54.45110862121055,0.350983998389857,2.178044344848422,-56.98013696444883,-1.046445855874698,40.00956535888889
Whale Copy,market_55,2024-12-02 03:00:00,2024-12-05 04:33:24.369698790,0.4854994729752605,0.019913326579581045,62.41541073738814,-62.41541073738814,0.3387192474028108,2.4966164294955258,-65.25074641428648,-1.0454268528140906,73.55676936055556
NO-Side Bias,market_55,2024-12-04 12:00:00,2024-12-05 04:33:24.369698790,0.027053131941753707,0.019981149584070497,14.28640550149009,-14.28640550149009,0.02606629207684285,0.5714562200596036,-14.883928013626537,-1.0418245521642322,16.556769360555556
News Mean Reversion,market_12,2024-12-02 00:00:00,2024-12-05 10:06:11.560638782,0.20642624013273247,0.019979580376095044,65.77321413115128,-65.77321413115128,0.1345426762674896,2.6309285652460512,-68.53868537266482,-1.042045554228188,82.10321128833334
Expert Fade,market_12,2024-12-02 09:00:00,2024-12-05 10:06:11.560638782,0.0840727414737108,0.019978188334744906,23.013055771078218,-23.013055771078218,0.045771421579972923,0.9205222308431287,-23.97934942350132,-1.04198893280559,73.10321128833334
NO-Side Bias,market_12,2024-12-02 18:00:00,2024-12-05 10:06:11.560638782,0.05478483219547776,0.019981732437969923,13.109335376069893,-13.109335376069893,0.024702647211022263,0.5243734150427958,-13.65841143832371,-1.041884355423244,64.10321128833333
Trend Filter,market_12,2024-12-03 00:00:00,2024-12-05 10:06:11.560638782,0.1306374924077942,0.019977998560265553,51.00186757926411,-51.00186757926411,0.10819078566711576,2.040074703170564,-53.15013306810179,-1.0421213102735694,58.103211288333334
Whale Copy,market_325,2024-12-01 15:00:00,2024-12-06 08:10:06.669728923,0.4138223299107931,0.019899866279977297,69.31204067350647,-69.31204067350647,0.4252729838771682,2.772481626940259,-72.5097952843239,-1.0461356292463009,113.1685193688889
Trend Filter,market_325,2024-12-03 21:00:00,2024-12-06 08:10:06.669728923,0.3426196523122937,0.01990457674934272,38.02715353391113,-38.02715353391113,0.220644959051576,1.5210861413564454,-39.76888463431915,-1.045802300160458,59.168519368888894
Expert Fade,market_325,2024-12-04 18:00:00,2024-12-06 08:10:06.669728923,0.09311625424853397,0.01997709011397579,13.133385610842648,-13.133385610842648,0.029171854645972738,0.525335424433706,-13.687892889922328,-1.0422211983650194,38.168519368888894
Whale Copy,market_179,2024-11-10 06:00:00,2024-12-07 07:57:00.072624764,0.5090085884763259,0.9746524230439748,117.38009766640235,57.63261983801361,1.2261964476058305,4.695203906656094,51.711219483751684,0.4405450371213395,649.9500201733333
News Mean Reversion,market_179,2024-11-11 03:00:00,2024-12-07 07:57:00.072624764,0.13981796957176446,0.975078500188054,105.66225043216421,90.88876911635572,1.1031200232552423,4.226490017286569,85.55915907581391,0.8097419724250847,628.9500201733333
Whale Copy,market_457,2024-12-04 03:00:00,2024-12-09 01:43:38.196496865,0.3824805111316141,0.9742549325228967,41.64129564274662,25.714311601126237,0.2829359430816929,1.665651825709865,23.76572383233468,0.570724888971469,118.72727680444444
News Mean Reversion,market_457,2024-12-04 18:00:00,2024-12-09 01:43:38.196496865,0.36393865036874756,0.9756269834133007,36.35819979697564,23.12604563302705,0.20347049624195285,1.4543279918790257,21.468247144906073,0.5904650743101932,103.72727680444444
Expert Fade,market_411,2024-12-07 21:00:00,2024-12-09 04:08:24.630033569,0.08885404262702173,0.01998390908562821,14.592592027423704,-14.592592027423704,0.02789639971208944,0.5837036810969481,-15.204192108232741,-1.0419116822878118,31.140175009166665
NO-Side Bias,market_411,2024-12-08 09:00:00,2024-12-09 04:08:24.630033569,0.011716124918399668,0.01997851887623517,16.800638120358112,-16.800638120358112,0.03467562531104361,0.6720255248143245,-17.50733927048348,-1.0420639469205057,19.140175009166665
Whale Copy,market_353,2024-12-03 18:00:00,2024-12-09 06:43:28.309339840,0.27768774762028053,0.01998107741367379,45.92759450102903,-45.92759450102903,0.09637638471511231,1.8371037800411611,-47.8610746657853,-1.0420984418139503,132.72453037194444
Trend Filter,market_353,2024-12-04 06:00:00,2024-12-09 06:43:28.309339840,0.34302801592979154,0.01997642759641431,34.429533835462735,-34.429533835462735,0.07651295937243578,1.3771813534185093,-35.88322814825368,-1.0422223059928166,120.72453037194445
Expert Fade,market_353,2024-12-07 03:00:00,2024-12-09 06:43:28.309339840,0.04231561399770078,0.01997616484941491,14.622302470692299,-14.622302470692299,0.03205785564388823,0.584892098827692,-15.23925242516388,-1.0421923945088774,51.72453037194445
Whale Copy,market_492,2024-11-29 00:00:00,2024-12-10 08:48:38.318459937,0.44676629010162505,0.9760006425941001,79.27495736317337,43.8575787640639,0.6547390363201628,3.170998294526935,40.031841433216805,0.5049746195361982,272.8106440163889
Expert Fade,market_31,2024-12-10 06:00:00,2024-12-11 14:32:27.354121508,0.10569774194284697,0.019976399999523924,11.257193779828217,-11.257193779828217,0.02257030182837299,0.4502877511931287,-11.73005183284972,-1.0420049669810976,32.540931700277774
News Mean Reversion,market_31,2024-12-10 12:00:00,2024-12-11 14:32:27.354121508,0.2688186439589336,0.019911800859246574,40.76869367909398,-40.76869367909398,0.22797109150468164,1.6307477471637593,-42.62741251776242,-1.0455918174199825,26.540931700277778
Whale Copy,market_240,2024-12-06 00:00:00,2024-12-11 22:34:08.166474924,0.317695335660466,0.9789379925888031,31.1932757523562,21.283317541861923,0.06337130270841083,1.2477310300942481,19.972215209059264,0.6402730949971054,142.56893513166668
Trend Filter,market_240,2024-12-06 18:00:00,2024-12-11 22:34:08.166474924,0.3416420141290531,0.9791922862558156,25.92003602556513,17.064662711493444,0.05096171038443971,1.0368014410226052,15.976899560086398,0.616391873233828,124.56893513166668
News Mean Reversion,market_240,2024-12-07 12:00:00,2024-12-11 22:34:08.166474924,0.14671470250181737,0.9755598345229014,43.46965849086544,37.09202047752252,0.24463133736189951,1.7387863396346177,35.108602800526,0.8076576632849232,106.56893513166668
Whale Copy,market_71,2024-12-02 12:00:00,2024-12-14 05:37:46.997328975,0.5017401624040387,0.019886576725718114,57.38097350269757,-57.38097350269757,0.3941215517966884,2.295238940107903,-60.070333994602166,-1.0468685058432856,281.62972148
News Mean Reversion,market_71,2024-12-03 09:00:00,2024-12-14 05:37:46.997328975,0.2844166653390576,0.019903806379516525,48.39816807972801,-48.39816807972801,0.2781198832748578,1.9359267231891204,-50.61221468619199,-1.0457464960825935,260.62972148
Trend Filter,market_71,2024-12-07 03:00:00,2024-12-14 05:37:46.997328975,0.2898009968728348,0.019979772714832405,27.016996508077725,-27.016996508077725,0.05110484689376307,1.080679860323109,-28.148781215294598,-1.041891581356147,170.62972148
Expert Fade,market_71,2024-12-10 15:00:00,2024-12-14 05:37:46.997328975,0.07052178519462314,0.019978557336628327,17.430269005212235,-17.430269005212235,0.03396890758335995,0.6972107602084894,-18.161448673004084,-1.041948845859648,86.62972148
NO-Side Bias,market_71,2024-12-12 00:00:00,2024-12-14 05:37:46.997328975,0.05089102436971866,0.019983708672160542,12.637924530443689,-12.637924530443689,0.022353345332905457,0.5055169812177476,-13.165794856994342,-1.0417687512913263,53.62972148
Whale Copy,market_74,2024-12-12 12:00:00,2024-12-14 12:43:25.663946399,0.32939422233819976,0.019980388168033377,45.95338482319049,-45.95338482319049,0.09280374530910279,1.8381353929276196,-47.884323961427214,-1.042019519251219,48.72379554055555
Trend Filter,market_253,2024-12-06 21:00:00,2024-12-15 20:41:34.053950451,0.34249111686624684,0.9791503091694328,24.688234321985554,16.232733375593114,0.050247121696467834,0.9875293728794222,15.194956881017223,0.6154736172236381,215.6927927638889
News Mean Reversion,market_253,2024-12-07 18:00:00,2024-12-15 20:41:34.053950451,0.2630948236944043,0.9746618572355774,41.2503219163169,30.397575744406083,0.2661070945491132,1.650012876652676,28.481455773204296,0.6904541455696671,194.6927927638889
Whale Copy,market_253,2024-12-08 18:00:00,2024-12-15 20:41:34.053950451,0.4263545279481631,0.9757794861602185,36.69996462664428,21.052768532537076,0.19350534583045922,1.4679985850657713,19.391264601640845,0.5283728417428155,170.6927927638889
Trend Filter,market_61,2024-12-04 21:00:00,2024-12-16 01:41:59.758104922,0.325143062390373,0.9790605104450745,31.949949703737246,21.561645213845726,0.05782185965344974,1.2779979881494898,20.225825366042784,0.6330471738951418,268.69993280666665
Whale Copy,market_61,2024-12-05 09:00:00,2024-12-16 01:41:59.758104922,0.3249925809309732,0.9789654168871158,32.87106300642011,22.188211402019,0.06196269910626036,1.3148425202568044,20.811406182655936,0.6331223963943978,256.69993280666665
Whale Copy,market_385,2024-12-15 06:00:00,2024-12-16 17:33:56.684041081,0.21002506181781225,0.019888631804863305,39.759080399250365,-39.759080399250365,0.26833846146457535,1.5903632159700147,-41.61778207668495,-1.0467491113670133,35.56574556694444
News Mean Reversion,market_385,2024-12-15 09:00:00,2024-12-16 17:33:56.684041081,0.0583398098833054,0.01998267691348436,37.72902011837626,-37.72902011837626,0.07514578612285082,1.5091608047350504,-39.31332670923416,-1.0419917237682579,32.56574556694444
Trend Filter,market_93,2024-12-14 15:00:00,2024-12-17 06:51:05.819487878,0.3441691831617859,0.019976322545854165,36.10247649979843,-36.10247649979843,0.08105181388132504,1.4440990599919372,-37.62762737367169,-1.0422450485877826,63.851616524166666
Expert Fade,market_93,2024-12-15 21:00:00,2024-12-17 06:51:05.819487878,0.09644622002388327,0.019978744567620128,15.09075274555511,-15.09075274555511,0.030815837774222636,0.6036301098222044,-15.725198693151537,-1.0420420345024406,33.851616524166666
Whale Copy,market_93,2024-12-16 00:00:00,2024-12-17 06:51:05.819487878,0.2431962703278601,0.019892007339214948,43.548429405880576,-43.548429405880576,0.28182109908543057,1.7419371762352232,-45.57218768120123,-1.0464714411732006,30.851616524166666
NO-Side Bias,market_93,2024-12-16 06:00:00,2024-12-17 06:51:05.819487878,0.0625201348838428,0.019976170235286743,10.238583361245329,-10.238583361245329,0.024242726064200443,0.40954333444981317,-10.672369421759342,-1.0423677812846612,24.851616524166666
Expert Fade,market_258,2024-12-08 09:00:00,2024-12-17 15:14:12.759386249,0.07548992677944935,0.979050695451289,16.491300790559983,15.246373701382735,0.03137074821510483,0.6596520316223993,14.55535092154523,0.8826078128340891,222.23687760722223
Trend Filter,market_258,2024-12-08 18:00:00,2024-12-17 15:14:12.759386249,0.12613922237450445,0.9789936234994571,34.826493852609524,30.4335070000109,0.06552582730834833,1.393059754104381,28.974921418598168,0.8319792839676595,213.23687760722223
Whale Copy,market_258,2024-12-10 09:00:00,2024-12-17 15:14:12.759386249,0.3852322135269452,0.9753454677541606,42.96212659675436,26.41173147006183,0.2513388200227838,1.7184850638701743,24.441907586168874,0.5689175448781294,174.23687760722223
Whale Copy,market_322,2024-12-09 06:00:00,2024-12-18 23:28:27.488112200,0.5390069315845387,0.019983584790206534,39.39084720054712,-39.39084720054712,0.06899004124643518,1.575633888021885,-41.03547112981544,-1.0417514231388625,233.47430225333335
Trend Filter,market_322,2024-12-13 12:00:00,2024-12-18 23:28:27.488112200,0.3335319267146856,0.019980028451277946,39.27195232761761,-39.27195232761761,0.08488132112572494,1.5708780931047046,-40.92771174184804,-1.042161372585137,131.47430225333332
Expert Fade,market_322,2024-12-16 06:00:00,2024-12-18 23:28:27.488112200,0.07051076473700894,0.0199833340187727,20.83288110726352,-20.83288110726352,0.038064395819105645,0.8333152442905408,-21.70426074737317,-1.0418271306605709,65.47430225333333
Whale Copy,market_220,2024-12-17 15:00:00,2024-12-23 23:03:28.972569990,0.22422970461720174,0.9788674610820012,45.16738710904561,35.03951723925351,0.09534642434029991,1.8066954843618246,33.13747533055139,0.7336593381093544,152.05804793583332
Trend Filter,market_220,2024-12-17 18:00:00,2024-12-23 23:03:28.972569990,0.2012701898135099,0.9791204727796873,51.180269604801815,40.879207026736744,0.0882997967073752,2.047210784192073,38.743696445837294,0.7570045399331444,149.05804793583332
News Mean Reversion,market_233,2024-12-19 00:00:00,2024-12-24 18:10:48.636771665,0.34032678690815243,0.019983080245747502,46.36677792681951,-46.36677792681951,0.0913299218371961,1.8546711170727803,-48.312778965729485,-1.041969727592056,138.18017688083333
Whale Copy,market_233,2024-12-22 03:00:00,2024-12-24 18:10:48.636771665,0.22440585069974125,0.01998220555401277,41.7534936596929,-41.7534936596929,0.08178249515345518,1.6701397463877161,-43.50541590123407,-1.0419586982545703,63.18017688083333
Expert Fade,market_233,2024-12-23 03:00:00,2024-12-24 18:10:48.636771665,0.06630729763326229,0.019982408386567094,17.698870652625263,-17.698870652625263,0.03196477573166344,0.7079548261050106,-18.43879025446194,-1.041806034766796,39.18017688083333
Trend Filter,market_233,2024-12-23 15:00:00,2024-12-24 18:10:48.636771665,0.1894013760946663,0.01997828599213144,36.87791975243197,-36.87791975243197,0.07679025606802031,1.4751167900972788,-38.42982679859727,-1.0420822827476042,27.180176880833336
Whale Copy,market_382,2024-12-24 00:00:00,2024-12-25 22:34:06.104515127,0.47446468290939575,0.01988052725737984,41.446551300008444,-41.446551300008444,0.29039123176099707,1.6578620520003378,-43.394804583769776,-1.0470064027682067,46.56836236527778
Whale Copy,market_377,2024-11-26 00:00:00,2024-12-26 00:00:00.000000000,0.331625470033001,0.9756930942598528,97.80531610255963,65.37058217832205,0.9139721761701891,3.9122126441023855,60.54439735804948,0.619029719146984,720.0
Trend Filter,market_377,2024-11-27 00:00:00,2024-12-26 00:00:00.000000000,0.2871694531657415,0.9753506883932406,92.79303812136442,66.14571210646439,0.9505162715284893,3.711721524854577,61.48347431008132,0.662587146135541,696.0
Trend Filter,market_418,2024-12-23 18:00:00,2024-12-26 02:00:49.201676083,0.36264840086126665,0.019977880560504806,28.38575150826092,-28.38575150826092,0.06386126496461428,1.1354300603304368,-29.58504283355597,-1.0422497648140838,56.013667132222224
Whale Copy,market_192,2024-12-19 21:00:00,2024-12-27 15:28:35.846674833,0.3984913827431885,0.019977627305486544,43.99946704267985,-43.99946704267985,0.08923060795066134,1.759978681707194,-45.84867633233771,-1.0420279929269167,186.4766240761111
Trend Filter,market_192,2024-12-23 03:00:00,2024-12-27 15:28:35.846674833,0.330481180449862,0.019983014377571297,36.049806709774394,-36.049806709774394,0.06884945099030243,1.4419922683909758,-37.56064842915567,-1.0419098424450535,108.47662407611111
News Mean Reversion,market_192,2024-12-24 21:00:00,2024-12-27 15:28:35.846674833,0.357682373088404,0.019977039684242952,37.322522571809536,-37.322522571809536,0.07486752660785592,1.4929009028723814,-38.890291001289775,-1.0420059610511,66.47662407611111
Expert Fade,market_192,2024-12-25 15:00:00,2024-12-27 15:28:35.846674833,0.09659344728388888,0.019981877297504065,10.84272238972698,-10.84272238972698,0.02277227077957631,0.4337088955890792,-11.299203556095636,-1.042100235527671,48.47662407611111
NO-Side Bias,market_192,2024-12-26 03:00:00,2024-12-27 15:28:35.846674833,0.0604199968380424,0.019981678569746406,10.508421309740902,-10.508421309740902,0.020371040580555604,0.4203368523896361,-10.949129202711093,-1.0419385443331695,36.47662407611111
Trend Filter,market_276,2024-12-17 18:00:00,2025-01-01 02:07:56.975497889,0.3376485883350614,0.019884342691204926,43.11763626926371,-43.11763626926371,0.2929463623238317,1.7247054507705486,-45.135288082358095,-1.0467941192437922,344.1324931936111
Expert Fade,market_276,2024-12-24 00:00:00,2025-01-01 02:07:56.975497889,0.0986452598393704,0.01998044448859834,13.962289722907872,-13.962289722907872,0.027702507431178088,0.5584915889163149,-14.548483819255365,-1.0419840948713253,194.1324931936111
Whale Copy,market_276,2024-12-25 09:00:00,2025-01-01 02:07:56.975497889,0.157054778197657,0.0199839770383476,33.609461136410935,-33.609461136410935,0.06626837273587746,1.3443784454564374,-35.02010795460325,-1.041971717798953,161.1324931936111
News Mean Reversion,market_276,2024-12-27 12:00:00,2025-01-01 02:07:56.975497889,0.2687184362439091,0.019897954224362725,43.153411917935955,-43.153411917935955,0.27124236080639624,1.7261364767174383,-45.15079075545979,-1.0462855368498374,110.13249319361111
NO-Side Bias,market_276,2024-12-27 15:00:00,2025-01-01 02:07:56.975497889,0.03302498584678439,0.019979545520880177,14.394900250629613,-14.394900250629613,0.027902728634574464,0.5757960100251845,-14.998598989289372,-1.0419383759629286,107.13249319361111
Whale Copy,market_437,2025-01-01 09:00:00,2025-01-02 03:43:27.460077381,0.19537870431250015,0.01997672526006479,37.308628933515024,-37.308628933515024,0.08401291118440705,1.492345157340601,-38.884987002040035,-1.0422518359314175,18.72429446583333
Trend Filter,market_414,2024-12-25 18:00:00,2025-01-02 12:56:16.613701133,0.33483709661674826,0.9789031354394868,28.093569925045326,18.68680053774355,0.05992516338952109,1.123742797001813,17.50313257735222,0.6230298471874959,186.93794825027777
Whale Copy,market_414,2024-12-26 21:00:00,2025-01-02 12:56:16.613701133,0.4277115287769963,0.9789173486649891,45.47485487205996,26.024735173819153,0.09474528883253808,1.8189941948823982,24.110995690104215,0.5302050057760198,159.93794825027777
News Mean Reversion,market_128,2024-12-24 12:00:00,2025-01-03 02:01:01.385318556,0.25636523538295775,0.019910332097819398,39.33063695500986,-39.33063695500986,0.22137275525545325,1.5732254782003943,-41.12523518846571,-1.0456285067416702,230.01705147722222
Whale Copy,market_128,2024-12-25 03:00:00,2025-01-03 02:01:01.385318556,0.4821797589753381,0.019981307826595376,35.41747288657461,-35.41747288657461,0.06751413620470809,1.4166989154629843,-36.9016859382423,-1.0419062380995088,215.01705147722222
Trend Filter,market_128,2024-12-29 09:00:00,2025-01-03 02:01:01.385318556,0.34476398030139255,0.019977339063995715,34.82261768151893,-34.82261768151893,0.07415450114472005,1.3929047072607572,-36.28967688992441,-1.0421294924414621,113.01705147722222
Expert Fade,market_128,2024-12-30 15:00:00,2025-01-03 02:01:01.385318556,0.1124638504462163,0.01998349447564552,10.471250833924147,-10.471250833924147,0.01727634487127471,0.4188500333569659,-10.907377212152388,-1.0416498835855699,83.01705147722222
NO-Side Bias,market_128,2024-12-31 03:00:00,2025-01-03 02:01:01.385318556,0.04286398378849314,0.019983099312569225,11.646520882840171,-11.646520882840171,0.019450373911434223,0.4658608353136069,-12.131832092065213,-1.0416700587331702,71.01705147722222
NO-Side Bias,market_407,2025-01-05 09:00:00,2025-01-12 16:45:00.223767195,0.019560913081713392,0.019980715299831753,17.02544393746889,-17.02544393746889,0.03273654238468847,0.6810177574987556,-17.739198237352333,-1.041922801103156,175.7500621575
Expert Fade,market_407,2025-01-05 09:00:00,2025-01-12 16:45:00.223767195,0.019637852668366887,0.019976351483926062,26.97711683716336,-26.97711683716336,0.16396948829809152,1.0790846734865345,-28.22017099894799,-1.0460780953460604,175.7500621575
Trend Filter,market_407,2025-01-05 18:00:00,2025-01-12 16:45:00.223767195,0.1298503359911904,0.019978360690294187,39.066306956735765,-39.066306956735765,0.08145267800502409,1.5626522782694305,-40.71041191301022,-1.0420849853582328,166.7500621575
Whale Copy,market_407,2025-01-08 00:00:00,2025-01-12 16:45:00.223767195,0.014641430869332658,0.019983549328332025,37.07196608783024,-37.07196608783024,0.0730080321635539,1.4828786435132097,-38.62785276350701,-1.0419693595961592,112.75006215750001
Trend Filter,market_379,2025-01-10 18:00:00,2025-01-20 03:42:36.976318481,0.35943542718403293,0.9789810371899729,27.396116055105697,17.548981377655437,0.051272224876034854,1.0958446422042278,16.401864510575173,0.5986930584460869,225.71027119944443
News Mean Reversion,market_379,2025-01-11 00:00:00,2025-01-20 03:42:36.976318481,0.20601400403341047,0.9791812860875282,30.3522521240154,24.099263132515404,0.059353029827121054,1.214090084960616,22.825820017727665,0.7520305222974657,219.71027119944443
Whale Copy,market_379,2025-01-12 06:00:00,2025-01-20 03:42:36.976318481,0.48559655425391296,0.9790730296808476,27.331960682429457,14.059654754038288,0.05210321483294948,1.0932784272971783,12.91427311190816,0.4724971348363673,189.71027119944443
Whale Copy,market_285,2025-01-09 00:00:00,2025-01-20 16:27:14.012952451,0.3825340080694499,0.9757317582587215,35.17917006259821,21.721941137995714,0.18891114158222777,1.4071668025039283,20.12586319390956,0.5720960204034766,280.4538924866667
Whale Copy,market_83,2025-01-11 00:00:00,2025-01-24 04:24:43.816938822,0.2421049439019808,0.9791707952480184,31.98490644642975,24.241202465506774,0.05554517539508426,1.27939625785719,22.9062610322545,0.716158450255882,316.41217137166666
Trend Filter,market_83,2025-01-11 18:00:00,2025-01-24 04:24:43.816938822,0.20988765638379292,0.9788680001422648,28.802587461703787,22.75727988157756,0.06716629792528536,1.1521034984681515,21.538010085184123,0.7477803900021579,298.41217137166666
News Mean Reversion,market_83,2025-01-13 21:00:00,2025-01-24 04:24:43.816938822,0.1882592759898384,0.9790357433575376,25.936718175675583,21.053890390370416,0.05310365410625262,1.0374687270270233,19.963318009237142,0.7696932924983347,247.4121713716667
Whale Copy,market_232,2025-01-22 15:00:00,2025-01-26 18:54:43.317884630,0.47174064756586714,0.019976234118959265,28.23635188788869,-28.23635188788869,0.06310099613827301,1.1294540755155478,-29.428906959542513,-1.0422347432270576,99.91203274555556
NO-Side Bias,market_232,2025-01-25 21:00:00,2025-01-26 18:54:43.317884630,0.010461985107414955,0.01997726667672899,15.393055607801728,-15.393055607801728,0.030020304138607606,0.6157222243120691,-16.038798136252403,-1.0419502498336581,21.912032745555557
Whale Copy,market_205,2025-01-21 06:00:00,2025-01-28 07:23:49.215974498,0.28067047180830884,0.019979559538861928,32.73609519570498,-32.73609519570498,0.0629934690284487,1.3094438078281994,-34.108532472561635,-1.0419242817034793,169.39700443722222
Trend Filter,market_205,2025-01-21 09:00:00,2025-01-28 07:23:49.215974498,0.35778444838005424,0.01998246908305935,25.65725493883032,-25.65725493883032,0.04832562991462896,1.0262901975532128,-26.73187076629816,-1.0418835074145634,166.39700443722222
Expert Fade,market_205,2025-01-23 15:00:00,2025-01-28 07:23:49.215974498,0.08189299188682557,0.019978314827337144,10.780031035916824,-10.780031035916824,0.022941219868207248,0.431201241436673,-11.234173497221704,-1.042128121875695,112.39700443722222
NO-Side Bias,market_205,2025-01-26 18:00:00,2025-01-28 07:23:49.215974498,0.022778345312979082,0.019983096225566897,12.526016566071897,-12.526016566071897,0.024602062655901334,0.501040662642876,-13.051659291370674,-1.0419640771290801,37.39700443722222
Expert Fade,market_302,2025-01-31 12:00:00,2025-02-01 16:08:21.087294046,0.07521767885498058,0.019981339574353857,10.561719781129502,-10.561719781129502,0.02115156825437947,0.4224687912451801,-11.005340140629063,-1.0420026632681707,28.139190915
Whale Copy,market_499,2025-01-21 21:00:00,2025-02-03 05:18:40.495583213,0.5715907853877941,0.019976383933582236,29.755265724113823,-29.755265724113823,0.063040802487446,1.1902106289645529,-31.008517155565823,-1.0421186435729377,296.3112487730555
Trend Filter,market_499,2025-01-28 06:00:00,2025-02-03 05:18:40.495583213,0.31083514598045914,0.019982249329626993,28.4181126658977,-28.4181126658977,0.0586331536551748,1.136724506635908,-29.613470326188782,-1.0420632317967244,143.31124877305555
Expert Fade,market_499,2025-01-31 09:00:00,2025-02-03 05:18:40.495583213,0.056523042530233776,0.019983431357244265,12.841327595769645,-12.841327595769645,0.021989421932445286,0.5136531038307858,-13.376970121532876,-1.041712394748008,68.31124877305555
News Mean Reversion,market_499,2025-02-01 12:00:00,2025-02-03 05:18:40.495583213,0.31076179937187787,0.01998022325332459,22.76070416848854,-22.76070416848854,0.041278168236595136,0.9104281667395416,-23.712410503464678,-1.0418135716685666,41.31124877305556
Whale Copy,market_452,2025-01-29 03:00:00,2025-02-03 09:42:02.557611995,0.4373337418721698,0.01998325067225046,27.83683932355641,-27.83683932355641,0.047196024966342044,1.1134735729422565,-28.99750892146501,-1.0416954520022108,126.7007104475
Trend Filter,market_452,2025-01-31 09:00:00,2025-02-03 09:42:02.557611995,0.32822724511343265,0.01998316526299365,24.217279004792793,-24.217279004792793,0.04597751634847905,0.9686911601917118,-25.231947681332983,-1.0418985417948639,72.7007104475
Expert Fade,market_452,2025-02-02 00:00:00,2025-02-03 09:42:02.557611995,0.05472852141508189,0.019982265568327964,10.667941785908454,-10.667941785908454,0.018549333548736925,0.42671767143633815,-11.113208790893529,-1.0417387921607557,33.7007104475
Whale Copy,market_293,2025-02-01 00:00:00,2025-02-05 11:05:43.177644993,0.5938558182268882,0.01998241560865448,23.984917619574944,-23.984917619574944,0.040741058652227644,0.9593967047829978,-24.98505538301017,-1.0416986115732572,107.09532712333333
Whale Copy,market_474,2025-01-27 09:00:00,2025-02-08 11:30:58.998233148,0.5614978093108,0.019978243402808633,30.86358686503111,-30.86358686503111,0.06778051318439537,1.2345434746012445,-32.16591085281675,-1.042196132078906,290.5163883980556
Trend Filter,market_474,2025-02-03 03:00:00,2025-02-08 11:30:58.998233148,0.33915706182836713,0.019976271832032863,17.719935910976073,-17.719935910976073,0.0380152224396131,0.7087974364390429,-18.46674856985473,-1.0421453363392847,128.51638839805554
Expert Fade,market_474,2025-02-06 18:00:00,2025-02-08 11:30:58.998233148,0.037054908561344,0.01997907663814039,10.226868853742271,-10.226868853742271,0.022628248385272956,0.40907475414969086,-10.658571856277234,-1.0422126272184464,41.516388398055554
Trend Filter,market_478,2025-02-08 06:00:00,2025-02-10 10:12:40.368241819,0.2286993390430096,0.01997637358801043,15.878201952441836,-15.878201952441836,0.03255434644983062,0.6351280780976735,-16.545884376989342,-1.0420502539612067,52.21121340027778
Whale Copy,market_478,2025-02-08 12:00:00,2025-02-10 10:12:40.368241819,0.115475714400922,0.01997794099801136,15.067723797897267,-15.067723797897267,0.033854928132688464,0.6027089519158907,-15.704287677945846,-1.0422468508572882,46.21121340027778
Whale Copy,market_489,2025-02-05 12:00:00,2025-02-11 23:47:59.809755348,0.2610617922801059,0.9790387636100115,19.161239895886734,14.158972266357472,0.039258575382936735,0.7664495958354693,13.353264095139066,0.6968893541177132,155.7999471541667
Trend Filter,market_489,2025-02-05 18:00:00,2025-02-11 23:47:59.809755348,0.23065178768422223,0.9788722173536372,18.18299345084906,13.98905350596022,0.039936504256408115,0.7273197380339624,13.221797263669849,0.7271518465543116,149.7999471541667
Whale Copy,market_440,2025-02-12 06:00:00,2025-02-13 11:41:38.404793519,0.5849465378991534,0.9789215191289075,14.96983226219386,6.21328070749251,0.03159086279431405,0.5987932904877544,5.582896554210442,0.3729431603792905,29.694001331388886
Whale Copy,market_124,2025-02-09 00:00:00,2025-02-14 03:07:41.541865286,0.3958458461197277,0.9790988563961754,14.298408085170928,8.638442638531288,0.029908260305711032,0.5719363234068372,8.03659805481874,0.5620624342897027,123.12820607361111
Whale Copy,market_190,2025-02-14 21:00:00,2025-02-15 15:27:06.582381941,0.07570835863722539,0.019980461298988367,12.876509177995331,-12.876509177995331,0.02297701310915667,0.5150603671198133,-13.4145465582243,-1.0417844132125826,18.45182843916667
Whale Copy,market_116,2025-02-07 00:00:00,2025-02-18 02:05:35.499910697,0.4870837689459287,0.01997669688698324,16.7325434350645,-16.7325434350645,0.039131366223765444,0.66930173740258,-17.440976538690844,-1.0423386382575743,266.09319441944444
Trend Filter,market_116,2025-02-10 00:00:00,2025-02-18 02:05:35.499910697,0.35349793958046266,0.019980019595904487,11.383184241565768,-11.383184241565768,0.021406184714516496,0.45532736966263077,-11.859917795942916,-1.0418805093777146,194.09319441944444
Whale Copy,market_398,2025-01-21 00:00:00,2025-02-19 00:00:00.000000000,0.6007836335150584,0.019983542889692448,34.49703333502159,-34.49703333502159,0.06017485875384937,1.3798813334008637,-35.937089527176305,-1.0417443488015175,696.0
News Mean Reversion,market_398,2025-01-26 12:00:00,2025-02-19 00:00:00.000000000,0.2979763212425831,0.019981649372872893,33.19763354764161,-33.19763354764161,0.05925519123204284,1.3279053419056643,-34.58479408077932,-1.041784922143532,564.0
Trend Filter,market_398,2025-02-01 18:00:00,2025-02-19 00:00:00.000000000,0.3348486029314218,0.0199798514081765,19.36363666049095,-19.36363666049095,0.041476541036362724,0.7745454664196381,-20.179658667946953,-1.0421419809596506,414.0
Trend Filter,market_73,2025-02-17 00:00:00,2025-02-19 04:02:37.622479672,0.317390400275282,0.01997973736397218,11.016183412771525,-11.016183412771525,0.022574266723008017,0.440647336510861,-11.479405016005394,-1.042049191255915,52.04378402194445
Whale Copy,market_73,2025-02-17 18:00:00,2025-02-19 04:02:37.622479672,0.12247561123422732,0.01998053464397631,11.033163688905558,-11.033163688905558,0.023719852443269095,0.44132654755622236,-11.49821008890505,-1.0421498686244564,34.04378402194445
Whale Copy,market_104,2025-02-14 06:00:00,2025-02-25 09:00:21.645104815,0.24358299717571544,0.9789895392735427,14.260151869433933,10.786621336896335,0.027235545893118565,0.5704060747773574,10.188979716225859,0.7145070970853775,267.0060125288889
Trend Filter,market_104,2025-02-14 18:00:00,2025-02-25 09:00:21.645104815,0.31765637835572486,0.978875349889224,12.844906836564322,8.764640250544607,0.027902636754634592,0.5137962734625728,8.2229413403274,0.6401713492323642,255.00601252888887
Whale Copy,market_117,2025-02-18 15:00:00,2025-02-28 12:11:02.962037075,0.5723369911369626,0.019983976392203465,10.469823259297392,-10.469823259297392,0.018896722644774534,0.4187929303718957,-10.907512912314063,-1.0418048750372166,237.1841561213889
Trend Filter,market_117,2025-02-25 21:00:00,2025-02-28 12:11:02.962037075,0.2665786168550105,0.01997610785875429,11.64181298567783,-11.64181298567783,0.0246895946787192,0.46567251942711324,-12.132175099783662,-1.0421207688793053,63.18415612138889
Whale Copy,market_290,2025-02-26 06:00:00,2025-02-28 12:26:50.983280688,0.5006616187784777,0.9791856638275217,10.483546845411507,5.234837311247778,0.01826645366083186,0.41934187381646026,4.797228983770486,0.4575959886963411,54.44749535555555
Whale Copy,market_67,2025-02-10 12:00:00,2025-02-28 16:42:28.802624143,0.41898213118181765,0.9790851408221617,12.98730714963501,7.545857521768077,0.024568436534729163,0.5194922859854004,7.001796799247947,0.5391261420536068,436.70800072888886
News Mean Reversion,market_67,2025-02-15 18:00:00,2025-02-28 16:42:28.802624143,0.3762525069304987,0.9788390688085425,12.219287334919368,7.621749842251863,0.025354593597294077,0.4887714933967747,7.107623755257794,0.5816725280652135,310.70800072888886
Trend Filter,market_16,2025-02-25 15:00:00,2025-03-01 23:59:11.937352248,0.14533422890375608,0.01998361322540085,12.26815286246696,-12.26815286246696,0.023333388851556412,0.4907261144986784,-12.782212365817195,-1.0419019480041647,104.98664926444444
Whale Copy,market_16,2025-02-26 06:00:00,2025-03-01 23:59:11.937352248,0.026143356148463602,0.0199765864941116,11.04754141327485,-11.04754141327485,0.024332199523113468,0.441901656530994,-11.513775269328956,-1.0422024990550274,89.98664926444444
News Mean Reversion,market_41,2025-03-01 15:00:00,2025-03-02 04:00:48.819647997,0.025549656335099796,0.01997939706495402,10.897947270940177,-10.897947270940177,0.02412568813409021,0.4359178908376071,-11.357990849911875,-1.0422137827917761,13.013561013055554
Whale Copy,market_115,2025-02-13 06:00:00,2025-03-07 02:28:18.476279084,0.3271968588415043,0.019981575364122626,14.205614981730125,-14.205614981730125,0.025743368977391934,0.568224599269205,-14.799582949976722,-1.0418121967271745,524.4717989663889
Trend Filter,market_115,2025-02-14 00:00:00,2025-03-07 02:28:18.476279084,0.31048557405527427,0.01998045841422239,13.40044518924935,-13.40044518924935,0.02674760514336854,0.536017807569974,-13.963210601962693,-1.0419960236220231,506.4717989663889
News Mean Reversion,market_115,2025-03-01 06:00:00,2025-03-07 02:28:18.476279084,0.2393681600101063,0.019976387348609112,11.48411478026565,-11.48411478026565,0.023111630580462124,0.459364591210626,-11.966591002056738,-1.0420124869023581,140.4717989663889
Whale Copy,market_123,2025-02-10 18:00:00,2025-03-08 17:29:58.146891550,0.5764014031324035,0.019979356346680452,12.324332265071849,-12.324332265071849,0.02416122837373908,0.492973290602874,-12.841466784048462,-1.0419604492847223,623.4994852475
News Mean Reversion,market_123,2025-02-13 21:00:00,2025-03-08 17:29:58.146891550,0.3151742369356793,0.019976433561119115,14.53965143090597,-14.53965143090597,0.03142148323709831,0.5815860572362388,-15.152658971379307,-1.0421610891696005,548.4994852475
Trend Filter,market_123,2025-03-01 00:00:00,2025-03-08 17:29:58.146891550,0.27243350131860405,0.01998260172619401,12.753037501803346,-12.753037501803346,0.025271251910706175,0.5101215000721339,-13.288430253786187,-1.041981586889173,185.4994852475
Whale Copy,market_120,2025-03-02 00:00:00,2025-03-09 01:37:48.617581808,0.3322939413553667,0.019982334220640385,10.341506999964917,-10.341506999964917,0.017465433638064982,0.41366027999859667,-10.77263271360158,-1.0416888673612197,169.63017155027777
Whale Copy,market_310,2025-03-01 03:00:00,2025-03-11 19:53:33.385245566,0.3782223877752995,0.01997941374055251,12.101923728711625,-12.101923728711625,0.024673432718302725,0.48407694914846505,-12.610674110578394,-1.0420388025301932,256.8926070125
