"event_id","event_title","event_slug","event_end_date","market_id","condition_id","question","outcomes","final_prices","winner","closed","volume_usd","volume_num","clob_token_ids","description","created_time"
"903799","Michigan Senate Election Winner","michigan-us-senate-election-winner","2024-11-05T12:00:00Z","255448","0x673bc2e3150161fc6dda2080d0a1c2ff095832b4b914d3d903b9a548666e6d38","Will a Democrat win Michigan US Senate Election?","Yes|No","1|0","Yes","True","394971.301424","394971.301424","[""73509254372240515476139823732607455442580306972224926233018397621601981548880"", ""61008351845739462099604851626936695064582063152354051282774689154435404413567""]","This is a market on predicting the winner of the Michigan Senate election.","2026-02-06T17:58:16.8722247-08:00"
"903799","Michigan Senate Election Winner","michigan-us-senate-election-winner","2024-11-05T12:00:00Z","255449","0xc1b184c4724ad7d832320e5189dd4eddffd53a936733cb4dbf018a8dde1b3703","Will a Republican win Michigan US Senate Election?","Yes|No","0|1","No","True","684107.752029","684107.752029","[""24730271643880102437836280975130083907691592507779214517788784134338037065855"", ""82528369283185096794556695450354252332654505908254146554320250703854250097672""]","This is a market on predicting the winner of the Michigan Senate election.","2026-02-06T17:58:16.8942268-08:00"
"903799","Michigan Senate Election Winner","michigan-us-senate-election-winner","2024-11-05T12:00:00Z","255450","0xd63808fafb644324a34947ebcd86b6f6158346ed5b4dfa91ae72b2799c3e84b7","Will a candidate from another party win US Michigan Senate Election?","Yes|No","0|1","No","True","676897.319904","676897.319904","[""50126642446383068419643993401171677647532054095259931564107529515734697466168"", ""36616853283299598163552006297900448189256937016080041366175350828916084130927""]","This is a market on predicting the winner of the Michigan Senate election.","2026-02-06T17:58:16.8982237-08:00"
"903798","Trump's worst state on March 19?","trumps-worst-state-on-march-19","2024-03-19T04:00:00Z","255447","0x0a1a5a369f188dc30e6376fb3f6cf55ffefa87f818800a5d067eb382a5dabae9","Will Arizona be Trump's worst state on March 19?","Yes|No","1|0","Yes","True","16201.248104","16201.25","[""109607874390136067329208152979073174568983673613016728143384814052232208968927"", ""13460509682366543963976127182900816888829302258733974677228791906799836919103""]","asds","2026-02-06T17:58:17.0456950-08:00"
"903798","Trump's worst state on March 19?","trumps-worst-state-on-march-19","2024-03-19T04:00:00Z","255451","0x8abf4228782c6e76b460673fd60d3bba8bf8082bdfd8e5fb67a0603357f5fc53","Will Florida be Trump's worst state on March 19?","Yes|No","0|1","No","True","65403.9301","65403.93","[""34135101870969119722536613086744976313849079260131514046509826506294815563856"", ""65511205084660180086063395032176036595901823700559417479194861229123928156375""]","asds","2026-02-06T17:58:17.0500257-08:00"
"903798","Trump's worst state on March 19?","trumps-worst-state-on-march-19","2024-03-19T04:00:00Z","255453","0x5769fa4d488376c93659ba5e4edcc6c1631f93180e056b333e0f31bde03c0591","Will Kansas be Trump's worst state on March 19?","Yes|No","0|1","No","True","16049.918022","16049.92","[""85725451176551207795337186059515155273898654437544796061175171825392801829537"", ""46812406349200079541275615393927831729961009376312543588622631503211112694926""]","asds","2026-02-06T17:58:17.0540480-08:00"
"903798","Trump's worst state on March 19?","trumps-worst-state-on-march-19","2024-03-19T04:00:00Z","255452","0xb2fd72f21fa2c03677319e24dd910642f531a95b7fed96ed560ccfd6bc629a1d","Will Illinois be Trump's worst state on March 19?","Yes|No","0|1","No","True","8374.77227","8374.77","[""40013706418306960734649408020586075602116788681752955763444526221043515300478"", ""105109991837866629231243625937079163934731789115823864891051616958321999463439""]","asds","2026-02-06T17:58:17.0590408-08:00"
"903798","Trump's worst state on March 19?","trumps-worst-state-on-march-19","2024-03-19T04:00:00Z","255454","0x39906db59e9b753c17c66954507bef688dc8a741d2d9bb9c7c5f9bd7459bbaa7","Will Ohio be Trump's worst state on March 19?","Yes|No","0|1","No","True","52342.394504","52342.39","[""93646501861521311261827142373001894407273394701244856574073588755492861478921"", ""88382088972009527022735705252035370954720154423478556224356503834046051997486""]","asds","2026-02-06T17:58:17.0640405-08:00"
"903797","Trump's best state on March 19?","trumps-best-state-on-march-19","2024-03-19T04:00:00Z","255443","0x45533922eaaa15987fc5c3f75565b0e87f03de2c686f716f197703c7805e0f88","Will Arizona be Trump's best state on March 19?","Yes|No","0|1","No","True","12169.79","12169.79","[""29718888786971083832401282844262094299329377191333905374010578059055867653530"", ""84891678899887834200528640269681310169367427486559168259546739011968188820241""]","qq","2026-02-06T17:58:17.1917483-08:00"
"903797","Trump's best state on March 19?","trumps-best-state-on-march-19","2024-03-19T04:00:00Z","255441","0x8c92083d3b5915da512476a3f66c94cd2547e26f360bba96574790687b243a34","Will Ohio be Trump's best state on March 19?","Yes|No","0|1","No","True","24965.697141","24965.7","[""19024867689844006840161872542669382801922958687585249678910141721467973100664"", ""11382067624634939113292370214310395595933673163292383093670142853631151803924""]","qq","2026-02-06T17:58:17.1957431-08:00"
"903797","Trump's best state on March 19?","trumps-best-state-on-march-19","2024-03-19T04:00:00Z","255446","0x6422a3fc2b76dae4b2d65e57783aecb9142e03d576163155e2fc25657c538e35","Will Kansas be Trump's best state on March 19?","Yes|No","0|1","No","True","42457","42457","[""31941804290450036012853099212606625198104957632879808803615280019881699340652"", ""85135418674908305611198358821250875890175978774598517427569153258182316438476""]","qq","2026-02-06T17:58:17.2014449-08:00"
"903797","Trump's best state on March 19?","trumps-best-state-on-march-19","2024-03-19T04:00:00Z","255445","0xe49ece114f51d451f6b6690d56c3524b73f077e45ab5be2731bb16e8957270f9","Will Illinois be Trump's best state on March 19?","Yes|No","0|1","No","True","9435.818131","9435.82","[""61696221549161992025285228190294611878897610196208968667213602711452091056890"", ""78156476919545959546888530994512217709372991569897507334351259671697484341621""]","qq","2026-02-06T17:58:17.2837076-08:00"
"903797","Trump's best state on March 19?","trumps-best-state-on-march-19","2024-03-19T04:00:00Z","255444","0x08aa2a321938ab99bb9ffc7dbafbbe512fff9d5eece4c5cc87fa6e51b0b4632c","Will Florida be Trump's best state on March 19?","Yes|No","1|0","Yes","True","1564.491199","1564.49","[""53047003832287371972927326047768797551920084050795055200846589579383300018879"", ""99833898964384185271171467446493363591925837508962240038007053802763477968191""]","qq","2026-02-06T17:58:17.2878081-08:00"
"903792","Senegal Presidential Election Winner","senegal-presidential-election-winner","2024-03-24T00:00:00Z","255429","0xe89a8e123fa48c9fe69e322f8f79c47752e5dbc69f92de73fb67d48b281df0af","Senegal Presidential Election: Another candidate wins?","Yes|No","0|1","No","True","7140.362685","7140.36","[""66879437342112429669404116418288329828294093429699027607169118616447319653030"", ""33008762342066673905786956486946711869959542615730480073229932154123253304242""]","qqqqq
","2026-02-06T17:58:17.8241264-08:00"
"903792","Senegal Presidential Election Winner","senegal-presidential-election-winner","2024-03-24T00:00:00Z","255426","0x3a4d594380758d83a56be39870760fb8308d6a89d499c10c52242ab7442fcbee","Senegal Presidential Election: Amadou Ba wins?","Yes|No","0|1","No","True","24130.197757","24130.2","[""69174564055271271152877841846274504227015071374615215306495245249659222559826"", ""52238219876966934505091346587237674852179793786405197013856406300162713909719""]","qqqqq
","2026-02-06T17:58:17.8426729-08:00"
"903792","Senegal Presidential Election Winner","senegal-presidential-election-winner","2024-03-24T00:00:00Z","255428","0x4a8183c08ef4873a72f5048caf012399858439f2222dc52f23e446476f06cdcf","Senegal Presidential Election: Khalifa Sall wins?","Yes|No","0|1","No","True","7016.842585","7016.84","[""115302758949286321931378408721786620258333526037566738160091314209917098071183"", ""95073821387411795849128075288640132961185247065412806943925223075127365418544""]","qqqqq
","2026-02-06T17:58:17.8456726-08:00"
"903792","Senegal Presidential Election Winner","senegal-presidential-election-winner","2024-03-24T00:00:00Z","255427","0x602901d518b7b4c5d278493a16db3118aa5c0dc535c64f8295311218d87bd3a6","Senegal Presidential Election: Idrissa Seck wins?","Yes|No","0|1","No","True","3953","3953","[""102494327922842600035439187472765810226885854750493236788705239745684644518919"", ""100561852141659880137712988040163433888637503938287855272039960372933387362689""]","qqqqq
","2026-02-06T17:58:17.8486719-08:00"
"903792","Senegal Presidential Election Winner","senegal-presidential-election-winner","2024-03-24T00:00:00Z","255431","0x2abe4425ea1f958574f8c2ddfa42ab89547c5577e55323f14f4e36e01e0b7d12","Senegal Presidential Election: Bassirou Diomaye Faye wins?","Yes|No","1|0","Yes","True","25952.196977","25952.2","[""104064287670471899645359313665044755354667397187880209990118739895423035480698"", ""43374099101927058211619485410646162162601198154371699646531125915158820326094""]","qqqqq
","2026-02-06T17:58:17.8555285-08:00"
"903792","Senegal Presidential Election Winner","senegal-presidential-election-winner","2024-03-24T00:00:00Z","255434","0x4c76ab679feeb05cec4aab8bb3e7da020c64943cd18bb9c80b14573711e04c65","Senegal Presidential Election: Aly Ngouille Ndiaye wins?","Yes|No","0|1","No","True","0","0","[""95220362854558153366395162195743445690996302005068107213742083313183403790181"", ""73781557654782563083551672165824499986550701725722311494546521614642448129219""]","qqqqq
","2026-02-06T17:58:17.8595258-08:00"
"903792","Senegal Presidential Election Winner","senegal-presidential-election-winner","2024-03-24T00:00:00Z","255432","0xd1a699cf082e9c30893c368d292eb4117c5053d0f5a078f8dab9b431739be9d5","Senegal Presidential Election: Anta Babacar Ngom wins?","Yes|No","0|1","No","True","9227","9227","[""63411462124710270413332518839128702098176983099137908339734505407451170240334"", ""60970255633533286989177323396678428882017560745279298635450235078101575120051""]","qqqqq
","2026-02-06T17:58:17.8645257-08:00"
"903792","Senegal Presidential Election Winner","senegal-presidential-election-winner","2024-03-24T00:00:00Z","255433","0x030ffcd3455536154e7bd32f363c2559db92bf64a698f1d5064b725ed99f70ee","Senegal Presidential Election: Mahammed Dionne wins?","Yes|No","0|1","No","True","0","0","[""76267648686396273463301961017215046969750696927080186099601222768181000872650"", ""66417148646969433406491047605156890756662321444107969064823119782355378302249""]","qqqqq
","2026-02-06T17:58:17.9165272-08:00"
"903791","Mississippi Republican Senate Primary Winner","mississippi-republican-senate-primary-winner","2024-03-11T00:00:00Z","255423","0xafc6c1e7b5a8f43f68ca10f8c2a14f4f1101c146f0cf93afc210567e699d5b37","Will Ghannon Burton win the Mississippi Republican Senate Primary?","Yes|No","0|1","No","True","2000","2000","[""99993999860198421759501453729813190888925901545436114458687664826164705797680"", ""51083085976759175583134265002647609821002824416504391452844540410633406421358""]","asd","2026-02-06T17:58:18.0349555-08:00"
"903791","Mississippi Republican Senate Primary Winner","mississippi-republican-senate-primary-winner","2024-03-11T00:00:00Z","255424","0x6dba4bbc7de7c910b460af2a88053a5647c1b0bec1da6e0196308a7b294cdf44","Will Dan Eubanks win the Mississippi Republican Senate Primary?","Yes|No","0|1","No","True","3000","3000","[""35781798155965878537757158458124606964244364174804355335040433118716087238798"", ""83515695498267024936347064133366977818402568427008040595979704066755451793315""]","asd","2026-02-06T17:58:18.0379566-08:00"
"903791","Mississippi Republican Senate Primary Winner","mississippi-republican-senate-primary-winner","2024-03-11T00:00:00Z","255422","0xbae271d25e248cb2a3ba8de253fa484c56cd1781658bf31a138a55bf64221bf7","Will Roger Wicker win the Mississippi Republican Senate Primary?","Yes|No","1|0","Yes","True","4560.02","4560.02","[""28057096701087677731336650811986705514659013040050630611308862201422212352477"", ""107578746122123467797720162848882766628814001293476272701936054231393423878886""]","asd","2026-02-06T17:58:18.0424930-08:00"
"903791","Mississippi Republican Senate Primary Winner","mississippi-republican-senate-primary-winner","2024-03-11T00:00:00Z","255425","0x2446e23bff08c2ab0123760c38e46a01193b3a7d844c1fddb09f24e1ec598a8f","Will another candidate win the Mississippi Republican Senate Primary?","Yes|No","0|1","No","True","0","0","[""112754803949258039730215036652229862869637160624870442488870125251616992994500"", ""69303395526379588787842231440159855527308172443133410041977858329548425621417""]","asd","2026-02-06T17:58:18.0464886-08:00"
"903777","Kirk Cousins Next Team","kirk-cousins-next-team","2024-03-11T00:00:00Z","255401","0xfc9bcc0319799d2aea0852206ba1164b20f7f299dffd32f20db235880b459e80","Will the Atlanta Falcons sign Kirk Cousins? ","Yes|No","1|0","Yes","True","13944.300332","13944.3","[""39134541058926874169235822123106425931588981334475267473820422831248561180843"", ""54599825682276256803088797010791541470060702208278445176602349005086949943701""]","asd

","2026-02-06T17:58:19.5820112-08:00"
"903777","Kirk Cousins Next Team","kirk-cousins-next-team","2024-03-11T00:00:00Z","255402","0x7f17ba5c9c060945bb33cca6001ca0c55de9949dd118912506c63ff1d80a51db","Will the Las Vegas Raiders sign Kirk Cousins? ","Yes|No","0|1","No","True","200","200","[""88266264000788658135194919525283429376289670040933656262826623458301142998886"", ""38082730755895036784295473579517284103893446914005353140317415788852688381037""]","asd

","2026-02-06T17:58:19.5990080-08:00"
"903777","Kirk Cousins Next Team","kirk-cousins-next-team","2024-03-11T00:00:00Z","255404","0x3c9781a68bd9923409ec3d4bf41047f514469a8fe0a5c5f1075ac9f44980eb0b","Will the Washington Commanders sign Kirk Cousins? ","Yes|No","0|1","No","True","610","610","[""95080079988078035103598849376605909901662577594740141514260127143851855028516"", ""84251412045834082953077885322351061034074065112508391165806957220404355752578""]","asd

","2026-02-06T17:58:19.6021807-08:00"
"903777","Kirk Cousins Next Team","kirk-cousins-next-team","2024-03-11T00:00:00Z","255405","0x8f93de6341d5c38ffbeb1815cde9e37d9d4dee7c361f6f4b02cc6ea2787164f8","Will the New England Patriots sign Kirk Cousins? ","Yes|No","0|1","No","True","1435","1435","[""70126269915553425244645647407230586571820743641691315945262721901160315859451"", ""30929748561665973858970322981659508184912324104387482599270940536751820723684""]","asd

","2026-02-06T17:58:19.6081985-08:00"
"903777","Kirk Cousins Next Team","kirk-cousins-next-team","2024-03-11T00:00:00Z","255403","0x7f34b9bf2ce9319882996b69a516e47dcfe8821eca5c79ceb99047a50857ff28","Will the Minnesota Vikings sign Kirk Cousins? ","Yes|No","0|1","No","True","1625","1625","[""45890460462117779825556210372979676691345146794921340808934031892731089545701"", ""34145646036439936512272498699198364265904548923829094535011817484186663918140""]","asd

","2026-02-06T17:58:19.6131983-08:00"
"903777","Kirk Cousins Next Team","kirk-cousins-next-team","2024-03-11T00:00:00Z","255406","0xeb8851ec5efca50c37792d7a783885d27856225742a02334a99c64a83089f26d","Will the Denver Broncos sign Kirk Cousins? ","Yes|No","0|1","No","True","400","400","[""61070360147407845206893636189286827560115793301706966466202189550973309797558"", ""74720223512068696571154580980606433421440777864720959154344124233459561687303""]","asd

","2026-02-06T17:58:19.6194070-08:00"
"903777","Kirk Cousins Next Team","kirk-cousins-next-team","2024-03-11T00:00:00Z","255407","0xe07f9f3b0c66adc3b840ac7a938587551cc0fa0850b198a6eb4111a17953e46e","Will another team sign Kirk Cousins? ","Yes|No","0|1","No","True","610","610","[""44380785488893818784415333241549947020283345841127249031062045228465722988661"", ""52321207166239426863084300216250413178094063082941603932955981541023129023806""]","asd

","2026-02-06T17:58:19.6254036-08:00"
"903774","Jake Paul vs. Mike Tyson: Who will win?","jake-paul-vs-mike-tyson-who-will-win","2024-11-15T12:00:00Z","255397","0xb4961db4b70b4ebeebce6dee9816eda7a18443ae2d25240a70a0614a01f44ed2","Will Mike Tyson win his boxing match against Jake Paul?","Yes|No","0|1","No","True","32399877.164035","32399877.164035","[""105698626207188362137224559516875335051389535882173153619615964622033134253951"", ""89669407731512841049605600555932797553969973928279583909337561678438342527498""]","This is a market on the outcome of the boxing match between Jake Paul and Mike Tyson.","2026-02-06T17:58:20.0022822-08:00"
"903774","Jake Paul vs. Mike Tyson: Who will win?","jake-paul-vs-mike-tyson-who-will-win","2024-11-15T12:00:00Z","255398","0xb41303fef1fad2465522ed3d9a0d26d7593733e3b567d7888b981056b33865df","Will Jake Paul vs. Mike Tyson have no official winner?","Yes|No","0|1","No","True","14968970.920633","14968970.920633","[""31973687607106606328532719297320986653385741832896208360942101167750266344121"", ""65250704675837625444042147912377063878441974448436969046899653855689939199221""]","This is a market on the outcome of the boxing match between Jake Paul and Mike Tyson.","2026-02-06T17:58:20.0072893-08:00"
"903774","Jake Paul vs. Mike Tyson: Who will win?","jake-paul-vs-mike-tyson-who-will-win","2024-11-15T12:00:00Z","255396","0x9c23593b309f27a4e05f059032d59c2a37f8bb10d126ac7e22014593a07fa9a6","Will Jake Paul win his boxing match against Mike Tyson?","Yes|No","1|0","Yes","True","15917754.336328","15917754.336328","[""20503171245004272366908372236894444540018273555294544913430963958771672513539"", ""59170561725739752287322422281990529001277235587953509401937875196246782822841""]","This is a market on the outcome of the boxing match between Jake Paul and Mike Tyson.","2026-02-06T17:58:20.0112833-08:00"
"903771","When will GPT-5 be announced?","when-will-gpt-5-be-announced","2024-12-30T12:00:00Z","255390","0xf9ea84139f0755473c01dd4890d4d95525ba2e5916006cfec37f8a3ad2c5b96d","GPT-5 announced in Q2 2024?","Yes|No","0|1","No","True","82405.05526","82405.06","[""34595476807041084520123811820184407522235577566195600529417907160752744400174"", ""36495905039485267311463863285211838357744932950794920917371317724239270246007""]","This is a market on the predicted announcement date of GPT-5.","2026-02-06T17:58:20.3633680-08:00"
"903771","When will GPT-5 be announced?","when-will-gpt-5-be-announced","2024-12-30T12:00:00Z","255391","0xb706e15f1b9b0eb0535956ba88c2e0be756ffa6cdf45d14f6a36a8f783548b1a","GPT-5 announced in Q3 2024?","Yes|No","0|1","No","True","354246.427628","354246.427628","[""71211309952955064281663972806500290392477034832928755629867686920725040088517"", ""64107724138769136561180861585423777666108463264320220629347212861937366684800""]","This is a market on the predicted announcement date of GPT-5.","2026-02-06T17:58:20.3713634-08:00"
"903771","When will GPT-5 be announced?","when-will-gpt-5-be-announced","2024-12-30T12:00:00Z","255393","0xc7aaca62c77ab866abe4e2f39d11b6b7362a274077c5a388c3bd04bda35e0257","GPT-5 not announced in 2024?","Yes|No","1|0","Yes","True","417554.332143005","417554.332143005","[""44610661653504104816770551367882671639080987749261595224821636758541895063651"", ""36603885366159561773694620309659545911038115553835914231075295905891120792922""]","This is a market on the predicted announcement date of GPT-5.","2026-02-06T17:58:20.3753621-08:00"
"903771","When will GPT-5 be announced?","when-will-gpt-5-be-announced","2024-12-30T12:00:00Z","255392","0x4ac4849343a847d75cff15174a139ef9c4bc89bdb8c8bcdd7bee61204912d549","GPT-5 announced in Q4 2024?","Yes|No","0|1","No","True","571862.405931001","571862.405931001","[""22261358807606535566676024199823511868583702892917381146477481407428839187850"", ""56363578750533864906057282349100355833797573637259490084630215375589077796664""]","This is a market on the predicted announcement date of GPT-5.","2026-02-06T17:58:20.3803642-08:00"
"903769","West Virginia Governor Election Winner","west-virginia-governor-election-winner","2024-11-05T12:00:00Z","255385","0xe90268f9ea32e8b487bb26443e616763dccef216e96bd15b6485212764123b44","Will a Democrat win West Virginia Governor Election?","Yes|No","0|1","No","True","42058.220659","42058.220659","[""14530663865901210740345497332281182574518367796788065372807383864186508942176"", ""31617396786585278664793474229095234358939266991890548653763728937022626349855""]","This is a market on predicting the winner of the West Virginia Governor election.","2026-02-06T17:58:20.6503423-08:00"
"903769","West Virginia Governor Election Winner","west-virginia-governor-election-winner","2024-11-05T12:00:00Z","255387","0x9fb2f72f614a1a7e6c7b3f3cc2042707533445fb6d7a14e16914204f6342d6da","Will a candidate from another party win West Virginia Governor Election?","Yes|No","0|1","No","True","197831.89418","197831.89418","[""13767547729376814654891769515903487368863748766037318764144678687242004527222"", ""115106429383982203640353396499498737712771675475504047689205217275023541243629""]","This is a market on predicting the winner of the West Virginia Governor election.","2026-02-06T17:58:20.6603416-08:00"
"903769","West Virginia Governor Election Winner","west-virginia-governor-election-winner","2024-11-05T12:00:00Z","255386","0x62bb859006cfefb420b7f2585c46173da7cdc9e995ad9cf437a1358e92df10b0","Will a Republican win West Virginia Governor Election?","Yes|No","1|0","Yes","True","45330.779433","45330.779433","[""69266769611388483448512186324299002982989707048759204282658389029397156112692"", ""17118658379400408093778937933220244659097890382289334996817397469663531204159""]","This is a market on predicting the winner of the West Virginia Governor election.","2026-02-06T17:58:20.6643445-08:00"
"903768","Washington Governor Election Winner","washington-governor-election-winner","2024-11-05T12:00:00Z","255382","0xec9215ba211a51c2aa59535807dc26773cac276e53964bcc27e7169d094ab5d4","Will a Democrat win Washington Governor Election?","Yes|No","1|0","Yes","True","75067.693854","75067.693854","[""66057830553283949859305969762224513855700650698647697281672265525052032620223"", ""113951161841104344566402155238613222065208254576226648581898302797393906737824""]","This is a market on predicting the winner of the Washington Governor election.","2026-02-06T17:58:20.7919804-08:00"
"903768","Washington Governor Election Winner","washington-governor-election-winner","2024-11-05T12:00:00Z","255383","0x4e681d95ed4c4739478f4faa6a84616f1c69cda2c034cc95986bf3bde0e28e07","Will a Republican win Washington Governor Election?","Yes|No","0|1","No","True","32685.519126","32685.519126","[""34220646872594817122628520007958340324191468223798503802732931551428689525224"", ""19826367449975082942835468167064552076151181816391743588667049291445049963018""]","This is a market on predicting the winner of the Washington Governor election.","2026-02-06T17:58:20.7999813-08:00"
"903768","Washington Governor Election Winner","washington-governor-election-winner","2024-11-05T12:00:00Z","255384","0xff5c9bdba314a13244c33e3cfb98cd66951d602af96ebacf83e80105bbc976aa","Will a candidate from another party win Washington Governor Election?","Yes|No","0|1","No","True","153031.515255","153031.515255","[""50255601432946938341688184754753179031423230602160762663937838912151613799850"", ""52338545296343544913734113724975982021348775042521252606625012424180845088698""]","This is a market on predicting the winner of the Washington Governor election.","2026-02-06T17:58:20.8059796-08:00"
"903766","Utah Governor Election Winner","utah-governor-election-winner","2024-11-05T12:00:00Z","255378","0x803d917a68f9aa66d108ccccee76fa28c62f89ede73946797a272ada62825d79","Will a candidate from another party win Utah Governor Election?","Yes|No","0|1","No","True","66744.776632","66744.776632","[""112555490462016186029410067392942306038004768984036310176924211473064386913320"", ""70579085553492854648598708237403828374673898409891547375024146271674724733785""]","This is a market on predicting the winner of the upcoming Utah Governor election.","2026-02-06T17:58:20.9313745-08:00"
"903766","Utah Governor Election Winner","utah-governor-election-winner","2024-11-05T12:00:00Z","255376","0xcbc3345df304613a4f8e8713b905c502f664fcb670a10c882709fb804d67783e","Will a Democrat win Utah Governor Election?","Yes|No","0|1","No","True","81628.351095","81628.351095","[""35550031716210466631227750893138677599256852971610041139582669896920914889029"", ""101732281216771266509327559736214932155915531334014718094217237703766462024274""]","This is a market on predicting the winner of the upcoming Utah Governor election.","2026-02-06T17:58:20.9343731-08:00"
"903766","Utah Governor Election Winner","utah-governor-election-winner","2024-11-05T12:00:00Z","255377","0xa57263cad0bac26bb8b1afaf45fdcfbc255e98a302831c8ee4aa21feb8ebb014","Will a Republican win Utah Governor Election?","Yes|No","1|0","Yes","True","27202.475207","27202.475207","[""76638104327204936908265444351779037557242514986833904702783778485325733486632"", ""8793671880748600391659939742197008891791511840931027938341352956892444475277""]","This is a market on predicting the winner of the upcoming Utah Governor election.","2026-02-06T17:58:20.9373781-08:00"
"903765","North Dakota Governor Election Winner","north-dakota-governor-election-winner","2024-11-05T12:00:00Z","255374","0x0bc5d9d3c1cc7b70284570b1d7dc9936acec5724f294b9490d8550476ed1c271","Will a Republican win North Dakota Governor Election?","Yes|No","1|0","Yes","True","35740.548014","35740.548014","[""5381909007135562133671740827168720643574561030333642109527170863942710090771"", ""31171750851213039535706994222375521053702383519765346405410880150716472973121""]","This is a market on predicting the winner of the North Dakota Governor election.","2026-02-06T17:58:21.0635318-08:00"
"903765","North Dakota Governor Election Winner","north-dakota-governor-election-winner","2024-11-05T12:00:00Z","255375","0xead0e66184b3ce0b8474187d82d81a45b5d454a4a14de9edefc125273368596f","Will a candidate from another party win North Dakota Governor Election?","Yes|No","0|1","No","True","16522.483777","16522.483777","[""20041685868132069367103865796403845144616973043494548290362716384478926858579"", ""3902152704279200389984040492648873157987264723905682586917195709627170944244""]","This is a market on predicting the winner of the North Dakota Governor election.","2026-02-06T17:58:21.0655301-08:00"
"903765","North Dakota Governor Election Winner","north-dakota-governor-election-winner","2024-11-05T12:00:00Z","255373","0x44a3a4537d8bb00b3fba10ce4ddb1ea4ea38c2d2174a704c0e41a53de0d80a6d","Will a Democrat win North Dakota Governor Election?","Yes|No","0|1","No","True","55832.211463","55832.211463","[""68745327693404165482105580853286838885543651513117665082911625894121764877630"", ""56214392411103700680456239592191668670864890469323899428218612861148589882263""]","This is a market on predicting the winner of the North Dakota Governor election.","2026-02-06T17:58:21.0665309-08:00"
"903764","Montana Governor Election Winner","montana-governor-election-winner","2024-11-04T12:00:00Z","255370","0x4a37a0dccc4260d473d819d55b9a9dc041f6363a4cabbced7606cf9455052a92","Will a Democrat win Montana Governor Election?","Yes|No","0|1","No","True","63513.230942","63513.230942","[""44461439022571117326521834817650669383964642416662934791204082238915459687214"", ""13874319829910116410404001524123119748962351853822231639150565877752353037274""]","This is a market on predicting the winner of the Montana Governor election.","2026-02-06T17:58:21.2019473-08:00"
"903764","Montana Governor Election Winner","montana-governor-election-winner","2024-11-04T12:00:00Z","255372","0x48fc13bd00c0fb187c1c3446bcc09bc3b943d5260ca755618c8bc7c97d6aee94","Will a candidate from another party win Montana Governor Election?","Yes|No","0|1","No","True","86511.375504","86511.375504","[""56038738073834384682842486420522319678352609232562295983744163878552265268752"", ""40234104363365571717625870024284013492363035883444290539468168124915176395096""]","This is a market on predicting the winner of the Montana Governor election.","2026-02-06T17:58:21.2059478-08:00"
"903764","Montana Governor Election Winner","montana-governor-election-winner","2024-11-04T12:00:00Z","255371","0x622fc1127c6af2e644689936aeb61b284e6b1f4eb7d401910fe5ca7bcf4058e0","Will a Republican win Montana Governor Election?","Yes|No","1|0","Yes","True","23888.292497","23888.292497","[""4208113309108334894422555325003636296035571819276347829728049017973382793017"", ""101157819876875707190286562514777911633493617441013470002426182592998512349201""]","This is a market on predicting the winner of the Montana Governor election.","2026-02-06T17:58:21.2099462-08:00"
"903763","Missouri Governor Election Winner","missouri-governor-election-winner","2024-11-05T12:00:00Z","255368","0xeb66a95fdb536ec82b17da9a80d744c7f8ca481e1e305e3c72589490c28676a9","Will a Republican win Missouri Governor Election?","Yes|No","1|0","Yes","True","31196.374813","31196.374813","[""64622666493982411584804140716663627340061628890334473974347720475901034054592"", ""89954729959831488335148502884942457210754603248920361482365918346759456120949""]","This is a market on predicting the winner of the Missouri Governor election.","2026-02-06T17:58:21.3309038-08:00"
"903763","Missouri Governor Election Winner","missouri-governor-election-winner","2024-11-05T12:00:00Z","255367","0xfec9f992973144dff6c84b4147aaefe69269a5b495792cec1549b7c8578f5938","Will a Democrat win Missouri Governor Election?","Yes|No","0|1","No","True","43050.51243","43050.51243","[""57342017802971174035498581146684167439868443937932367122467221777754558943042"", ""60944754150949835853215866585493979502065919800034877896104180744021949798436""]","This is a market on predicting the winner of the Missouri Governor election.","2026-02-06T17:58:21.3334594-08:00"
"903763","Missouri Governor Election Winner","missouri-governor-election-winner","2024-11-05T12:00:00Z","255369","0xc30f00a90f6e41ce6f42b7739c9e3f453351c9b9d596fc4ac7c647c6bcc17e6f","Will a candidate from another party win Missouri Governor Election?","Yes|No","0|1","No","True","44511.853499","44511.853499","[""45736701207195013585706657081545786037985410430431422937442766296555508063401"", ""81147783201632998467495771747907090079843251107780000940772498895836222412392""]","This is a market on predicting the winner of the Missouri Governor election.","2026-02-06T17:58:21.3604690-08:00"
"903761","Indiana Governor Election Winner","indiana-governor-election-winner","2024-11-05T12:00:00Z","255360","0x0c805fa65a22c83bd687416620b5413938924c1ae3fdaa407bfbac8417c3e3d9","Will a candidate from another party win Indiana Governor Election?","Yes|No","0|1","No","True","140745.470397","140745.470397","[""107379259714152524602118913826652243579901773997598509397306132998351378676327"", ""92317413773546999159112687898487931284338136318600954236736030181822928686435""]","This is a market on predicting the winner of the Indiana governor election.","2026-02-06T17:58:21.5639969-08:00"
"903761","Indiana Governor Election Winner","indiana-governor-election-winner","2024-11-05T12:00:00Z","255359","0x294a5678c60328411c8f96991c14eae792ea59238bc7db0762d7550517d57638","Will a Republican win Indiana Governor Election?","Yes|No","1|0","Yes","True","66448.802138","66448.802138","[""94670953762676007654877316588906895255500806768702518689406956608603758127173"", ""82782513962789334658048071307787305997235904490697405858557031870319656541286""]","This is a market on predicting the winner of the Indiana governor election.","2026-02-06T17:58:21.5699983-08:00"
"903761","Indiana Governor Election Winner","indiana-governor-election-winner","2024-11-05T12:00:00Z","255358","0x5c19337d009c03cd94633f9f0a83906d75ce8c93fcaa1868a5ce3e315aa9bf03","Will a Democrat win Indiana Governor Election?","Yes|No","0|1","No","True","87823.89695","87823.89695","[""67596309167919491071556350397980983549529918634343980300978764517353348369723"", ""47525877646193157814503677717627049848992044843892179959577257156718121468536""]","This is a market on predicting the winner of the Indiana governor election.","2026-02-06T17:58:21.5749985-08:00"
"903759","New Hampshire Governor Election Winner","new-hampshire-governor-election-winner","2024-11-05T12:00:00Z","255353","0xda1450684767ae8d303e87bd110e16525f38723e90a0b1dc933434049e25b393","Will a Republican win New Hampshire Governor Election?","Yes|No","1|0","Yes","True","64825.253076","64825.253076","[""96607462579508314224374738742300954895829120455434763929181658700283291101522"", ""68302417934892985564056351541582117595345303714177893586642346908369690636846""]","This is a market on who will win the New Hampshire Governor election.","2026-02-06T17:58:21.7146012-08:00"
"903759","New Hampshire Governor Election Winner","new-hampshire-governor-election-winner","2024-11-05T12:00:00Z","255352","0xa01d0698739edc82fdfc411fbc8887c8ad1310181755695de32d46e33dc6b952","Will a Democrat win New Hampshire Governor Election?","Yes|No","0|1","No","True","97030.927029","97030.927029","[""24806263960523756372181711280853846291326999573915560749113978559494200335410"", ""60960501241695278976033033820660845474136215556968277359986579038297711668795""]","This is a market on who will win the New Hampshire Governor election.","2026-02-06T17:58:21.7176035-08:00"
"903759","New Hampshire Governor Election Winner","new-hampshire-governor-election-winner","2024-11-05T12:00:00Z","255354","0xd41175220866f7011aa9c32638d9978ac2117224432c25c1db729eae7e201fdf","Will a candidate from another party win New Hampshire Governor Election?","Yes|No","0|1","No","True","68620.449822","68620.449822","[""12484943913310163793727307126788313650297741433441697811011407562098042266555"", ""22938557201628051037867897584529784452880540061542987935127468287287416705238""]","This is a market on who will win the New Hampshire Governor election.","2026-02-06T17:58:21.7286042-08:00"
"903758","How many Jobs added in March?","how-many-jobs-added-in-march","2024-04-05T00:00:00Z","255350","0x917823537958b87e1a83b872dbda16e924dbba45da62dfb453ad3d0ebefd935d","Will US gain between 200k and 275k jobs in March?","Yes|No","0|1","No","True","12529.615465","12529.62","[""47540629283530408198513462744611763519570216674066417131754806233647534416053"", ""100146032218139989335883322953009693088397556556237538629508141941035039152931""]","qqqqq","2026-02-06T17:58:21.8473687-08:00"
"903758","How many Jobs added in March?","how-many-jobs-added-in-march","2024-04-05T00:00:00Z","255351","0x8157f1b7ceb1ac9e097e75c3e7762df35da8df0ab137bf1480dca2d34eb91f5d","Will US gain more than 275k jobs in March?","Yes|No","1|0","Yes","True","21361.401801","21361.4","[""9152442426894500746332519804751298844435768068409187794788913777624543653985"", ""52150253611896426158158118616405355033332837168641894265706971626654307895844""]","qqqqq","2026-02-06T17:58:21.8513682-08:00"
"903758","How many Jobs added in March?","how-many-jobs-added-in-march","2024-04-05T00:00:00Z","255349","0x372ffc7134e149b8c5a29d93130937cb1eb1e2cb0b64cdd9134879f5c4f8a00f","Will US gain less than 200k jobs in March?","Yes|No","0|1","No","True","29553.662395","29553.66","[""4258943158930704630340893598985604088975284892041439443675773346038948183562"", ""20405033976284028325169927068900112380900574955310517009575175795862188562599""]","qqqqq","2026-02-06T17:58:21.8553673-08:00"
"903757","North Carolina Governor Election Winner","north-carolina-governor-election-winner","2024-11-05T12:00:00Z","255346","0x365aa7d66b1d98fbec772c5952d024e42002fbd5c8b20079efa1c6e14a2ea2c2","Will a Democrat win North Carolina Governor Election?","Yes|No","1|0","Yes","True","283661.747032","283661.747032","[""34046406455709328774313068735731549407028429970728194425727870106162070061730"", ""39195530955662825659303227621822367526743750393691572587961401919140826191753""]","This is a market on predicting the winner of the North Carolina Governor election.","2026-02-06T17:58:21.9750519-08:00"
"903757","North Carolina Governor Election Winner","north-carolina-governor-election-winner","2024-11-05T12:00:00Z","255347","0x34a3867607c87f90203bf6e00037714dfe9edabbf265ce6ca47fc16511579362","Will a Republican win North Carolina Governor Election?","Yes|No","0|1","No","True","545065.67519","545065.67519","[""91909440776100219135566233176387881827871244177616783232980058429638445487332"", ""76713602923678598308806184424209768361734574206239191945073178042322740525323""]","This is a market on predicting the winner of the North Carolina Governor election.","2026-02-06T17:58:21.9770502-08:00"
"903757","North Carolina Governor Election Winner","north-carolina-governor-election-winner","2024-11-05T12:00:00Z","255348","0x6518eead2e593a1f858a943f2dbc6760023b43ca520bd5dedaf2fcd9b4b21d89","Will a candidate from another party win North Carolina Governor Election?","Yes|No","0|1","No","True","338125.05891","338125.05891","[""44935581370307245736169957708106315002192684364598648421157738305620531786069"", ""83055662551928503121747942846073094185754151308984508489501356805850595735308""]","This is a market on predicting the winner of the North Carolina Governor election.","2026-02-06T17:58:21.9790491-08:00"
"903752","Anthony Joshua vs. Francis Ngannou","anthony-joshua-vs-francis-ngannou","2024-03-07T00:00:00Z","255339","0x0c4add08ba30096cfd7226b7e05255efc3e78c595e80b9e6e183525b4d6667fc","Will Anthony Joshua win his boxing match against Francis Ngannou?","Yes|No","1|0","Yes","True","7606.847173","7606.85","[""72452722642195869849970855937813598333309877143346876112115943615110060626357"", ""34540179416725260545288293286075638877975427042261375977171916041365563462319""]","qq","2026-02-06T17:58:22.5810325-08:00"
"903752","Anthony Joshua vs. Francis Ngannou","anthony-joshua-vs-francis-ngannou","2024-03-07T00:00:00Z","255340","0xceb6cb4208057806efe3ca992f3649f4b9c70f9e4ccd5c18a194f695b37f4da1","Will Francis Ngannou win his boxing match against Anthony Joshua?","Yes|No","0|1","No","True","3350.477507","3350.48","[""89138250280382630333495749686548617099599608819084538812684855114411458083389"", ""17340196498787908087553324644359180728854451408911609261018473010000866778672""]","qq","2026-02-06T17:58:22.5891813-08:00"
"903752","Anthony Joshua vs. Francis Ngannou","anthony-joshua-vs-francis-ngannou","2024-03-07T00:00:00Z","255341","0xe958295406f3eb7dccec63e72204c741a85a3cd3a8b92adadb90335cdb7160bd","Will Anthony Joshua vs. Francis Ngannou have no official winner?","Yes|No","0|1","No","True","3623.99","3623.99","[""96804104175981624624167257844276150912083443990527439496906324634463841443446"", ""23470159822514626437199388327823557776400809868004761120075965030969485550221""]","qq","2026-02-06T17:58:22.5970584-08:00"
"903748","California Senate Primary Margin of Victory","california-senate-primary-margin-of-victory","2024-03-31T00:00:00Z","255329","0x5f3e6494a84b81dcb709dde7aff2092f514030113c6dc430a3f8c05aa9c4ff34","Will Garvey win the California Senate Primary by more than 4% of the vote?","Yes|No","0|1","No","True","101923.27714","101923.28","[""13228561658351987260487039901362688840623621431053437571444524884467948666483"", ""104422875215578025344043547096328443443939157956317011318243998246280519392695""]","qqqqq
","2026-02-06T17:58:22.9927668-08:00"
"903748","California Senate Primary Margin of Victory","california-senate-primary-margin-of-victory","2024-03-31T00:00:00Z","255331","0x74b0e6b95f59d23f55f23ac35ae47cf9a42a2bd2275d02ee734b520b26909e9a","Will Garvey win the California Senate Primary by between 0-2% of the vote?","Yes|No","0|1","No","True","37592.338928","37592.34","[""50226329724604137632182569460607849168259978221377754507991884442829084666424"", ""75749360170704542613633749321305405022413513331890426232312265113268800860499""]","qqqqq
","2026-02-06T17:58:22.9957659-08:00"
"903748","California Senate Primary Margin of Victory","california-senate-primary-margin-of-victory","2024-03-31T00:00:00Z","255332","0xfca4df6ab43272d0f355550faeecd926b4a39f7b7307dde14217197b26d655e9","Will Schiff win the California Senate Primary?","Yes|No","1|0","Yes","True","102210.284705","102210.28","[""5287388807301937990727083262338811924270247021533813507326592097650307406042"", ""51755637164475105138410109276721198992329744307966579023999939926983495582047""]","qqqqq
","2026-02-06T17:58:22.9977659-08:00"
"903748","California Senate Primary Margin of Victory","california-senate-primary-margin-of-victory","2024-03-31T00:00:00Z","255330","0x2ed994d2b8196386508261d8a1ae668e5bf464c6ddfc3b957803304b484e30ce","Will Garvey win the California Senate Primary by between 2-4% of the vote?","Yes|No","0|1","No","True","29515.836867","29515.84","[""18117751725500962197365972730612783677839019731596634912140073884125679879737"", ""29141017539282812020513752285060651696063460277716040603130731501731943977752""]","qqqqq
","2026-02-06T17:58:22.9997682-08:00"
"903721","Which Super Tuesday states will Trump win?","which-super-tuesday-states-will-trump-win","2024-03-05T00:00:00Z","255279","0x6894f37144ea2eac45b02f9c1278aaed588f77836a0d2d6328fe07674464a10c","Will Trump win Alabama Republican Primary?","Yes|No","1|0","Yes","True","10864.475926000001","10864.48","[""89954161468582016618826554153921750942087011299412702664610809831489043296297"", ""40648271613969562752722775262161462522597173768971436642253965519085358909879""]","qq","2026-02-06T17:58:26.1403577-08:00"
"903721","Which Super Tuesday states will Trump win?","which-super-tuesday-states-will-trump-win","2024-03-05T00:00:00Z","255283","0x7fc5035c66650a4eb67e0105b236c7d70cd3cfe8c2e8dbf5aac6ab32187e83ab","Will Trump win Colorado Republican Primary?","Yes|No","1|0","Yes","True","159409.340796","159409.34","[""112296522292702007280317211582635990826452660765147650673110557888291269617548"", ""18088345784116974138767589786285078136108140847537307242375386564530283146096""]","qq","2026-02-06T17:58:26.1488716-08:00"
"903721","Which Super Tuesday states will Trump win?","which-super-tuesday-states-will-trump-win","2024-03-05T00:00:00Z","255281","0x1a7248e2cdd92e1c77bfb974e09119943e2eac824c797abbdf3eee7f70aa687f","Will Trump win Alaska Republican Primary?","Yes|No","1|0","Yes","True","106249.706351","106249.71","[""39183965904127941093786454682046710125011074712565437435648310755524725674229"", ""29011320041045750005221568060805394147992779760904320101012824706056921498646""]","qq","2026-02-06T17:58:26.1798891-08:00"
"903721","Which Super Tuesday states will Trump win?","which-super-tuesday-states-will-trump-win","2024-03-05T00:00:00Z","255280","0x7f085f47aea1c313d7b05717202d73e8f44e3675f17c5e7e02274e1b85b06849","Will Trump win Arkansas Republican Primary?","Yes|No","1|0","Yes","True","31742.023","31742.02","[""18328736541068584550385727767461354327146087372384761950597875053212690849823"", ""22492571040931286841245203557517597741216638678502237134933243496026453245100""]","qq","2026-02-06T17:58:26.1838914-08:00"
"903721","Which Super Tuesday states will Trump win?","which-super-tuesday-states-will-trump-win","2024-03-05T00:00:00Z","255282","0xdb14ad61ab20a6caf1cfa204f7b056852ef1a76a6b253b2cada2cc9e1d62a528","Will Trump win California Republican Primary?","Yes|No","1|0","Yes","True","173012.378607","173012.38","[""88186917966243010532760546962590270427102992745149983030824661559933692442012"", ""93390852634626949192673809860799314181382773025052617307525535029928530498931""]","qq","2026-02-06T17:58:26.1876850-08:00"
"903721","Which Super Tuesday states will Trump win?","which-super-tuesday-states-will-trump-win","2024-03-05T00:00:00Z","255288","0x4c0aa3e9caf40881ebaa409f420959d1cc2e3b4618911658e4901371f6f8162e","Will Trump win Massachusetts Republican Primary?","Yes|No","1|0","Yes","True","33740.114256","33740.11","[""45635437426963255207036175275323165396453622009297718495108303040880892312704"", ""15523878079988625628247559923254724554571743938908675155828011532303935278646""]","qq","2026-02-06T17:58:26.1902727-08:00"
"903721","Which Super Tuesday states will Trump win?","which-super-tuesday-states-will-trump-win","2024-03-05T00:00:00Z","255291","0xcc0b04040dbf28f446aa50fa62fbdaf32f332472f2d0e36a5df548ae4c487fff","Will Trump win Oklahoma Republican Primary?","Yes|No","1|0","Yes","True","128805.714","128805.71","[""31548580215197702203169132463283357485874663178280122869958881582557598477262"", ""96552467935624000018962258258120005241522987190345907565009955604371307072199""]","qq","2026-02-06T17:58:26.1943755-08:00"
"903721","Which Super Tuesday states will Trump win?","which-super-tuesday-states-will-trump-win","2024-03-05T00:00:00Z","255295","0xd6ca4fa7b82192aab3e3ed3ea267a6e8fef0927e07d35248fd78a553d7910c60","Will Trump win Vermont Republican Primary?","Yes|No","0|1","No","True","233416.042179","233416.04","[""44108230041690997309012026482801870424437287814045471510078978569995199268305"", ""88517866004146332612738614433859123348008485468814937514909404968898714291770""]","qq","2026-02-06T17:58:26.1973748-08:00"
"903721","Which Super Tuesday states will Trump win?","which-super-tuesday-states-will-trump-win","2024-03-05T00:00:00Z","255287","0x04864dde0c59b195c4ae8146ca94f53010aa3bd88178684a2ff4fc5864e0fb5a","Will Trump win Maine Republican Primary?","Yes|No","1|0","Yes","True","14428.256999000001","14428.26","[""51601275433949300101764638222388367172060888127443478230935053929653485398303"", ""77994793442027895602529753312731113782865397095261381538519320065974514566679""]","qq","2026-02-06T17:58:26.2003767-08:00"
"903721","Which Super Tuesday states will Trump win?","which-super-tuesday-states-will-trump-win","2024-03-05T00:00:00Z","255292","0x4c09d0c5c2baac893a0f3d99d6a1ef8f1298b6ff99b67ecdb9e47cfeeed5a9eb","Will Trump win Tennessee Republican Primary?","Yes|No","1|0","Yes","True","62145.578997000004","62145.58","[""103830672053363709689128083939046153152820339220957870459638032147186731457264"", ""106813244635428048791727591705599213784036563091504502416251495020503507582344""]","qq","2026-02-06T17:58:26.2091450-08:00"
"903721","Which Super Tuesday states will Trump win?","which-super-tuesday-states-will-trump-win","2024-03-05T00:00:00Z","255290","0x631fe6ab2c3ad55d40ed4e7b74416482fb0512f41571cf377e79f9bd789cffc4","Will Trump win North Carolina Republican Primary?","Yes|No","1|0","Yes","True","57625.070476","57625.07","[""69499956380816375599737841151654386436819466717697845651005484226538720150249"", ""71047598355135775453311620718951070712324522082943855289292430356400132725020""]","qq","2026-02-06T17:58:26.2111458-08:00"
"903721","Which Super Tuesday states will Trump win?","which-super-tuesday-states-will-trump-win","2024-03-05T00:00:00Z","255294","0x751659f2806566effdfd5239941250ba59f6c371b0d7e656bf3f1b7916652e1c","Will Trump win Texas Republican Primary?","Yes|No","1|0","Yes","True","130554.99500000001","130555","[""105674239255333113091192786601262361029835552646411511891707914490816727366051"", ""9814284163845906844006474904820227365866461381052151696642980286553223897322""]","qq","2026-02-06T17:58:26.2141418-08:00"
"903721","Which Super Tuesday states will Trump win?","which-super-tuesday-states-will-trump-win","2024-03-05T00:00:00Z","255296","0x867cc572446251e93f375697d2c671c14ec05a21c0531ea714e0fe1969154735","Will Trump win Virginia Republican Primary?","Yes|No","1|0","Yes","True","80536.377091","80536.38","[""101537097257453486720950545457689310202148781899422983002228669447694409332748"", ""44671954508951920760983107726462880086960291094069404833373528654977931985490""]","qq","2026-02-06T17:58:26.2161447-08:00"
"903721","Which Super Tuesday states will Trump win?","which-super-tuesday-states-will-trump-win","2024-03-05T00:00:00Z","255289","0x0c75aa7b6ad497d763f282fbc7a28f873b623f39dbd8b6795fa7969ed62d8f4e","Will Trump win Minnesota Republican Primary?","Yes|No","1|0","Yes","True","93121.07","93121.07","[""107912637119517910351292984108756187994846033727365002527572744493849072491746"", ""94120492717532247943760628450548439415402600004050448773129068279296866274403""]","qq","2026-02-06T17:58:26.2191453-08:00"
"903721","Which Super Tuesday states will Trump win?","which-super-tuesday-states-will-trump-win","2024-03-05T00:00:00Z","255293","0x37d4d5593425b3cf048bff7cbe876970902cbee382a3d2c9a0b94d076a8921bd","Will Trump win Utah Republican Primary?","Yes|No","1|0","Yes","True","53837.151883","53837.15","[""36120334827638158786504334203343096550553674556006938089084491109750849805860"", ""12632223697744821762072897440892702906187231575389897324023353141401899373060""]","qq","2026-02-06T17:58:26.2232930-08:00"
"903719","What will Biden say during State of the Union?","what-will-biden-say-during-state-of-the-union","2024-03-07T00:00:00Z","255265","0xc77d363d5563b0b500db51c237b3603c291078834075409acf408b924a87c764","Will Biden say ""Trump"" during his State of the Union address?","Yes|No","0|1","No","True","10501.979468","10501.98","[""114729166727452107096082256526282821272562955479066888207626709596278190762356"", ""59964523890359256854021722478351543322695148596369588543302194750262717585281""]","qq","2026-02-06T17:58:26.4804199-08:00"
"903719","What will Biden say during State of the Union?","what-will-biden-say-during-state-of-the-union","2024-03-07T00:00:00Z","255266","0x774f0bc8e37bb4471af293c2b4dfac0ec99a0941c27465cdb740f59d2c2541b5","Will Biden say ""border"" three or more times during his State of the Union address?","Yes|No","1|0","Yes","True","4426.761709","4426.76","[""71410403478069901114046155437895254684414227578092357907522581527385713101838"", ""100329402983931838643397590873615775500902719104039913454516610671109856436388""]","qq","2026-02-06T17:58:26.4834244-08:00"
"903719","What will Biden say during State of the Union?","what-will-biden-say-during-state-of-the-union","2024-03-07T00:00:00Z","255269","0xc76954e1c01d7740d5fb45f8faed6f2417c08ff24f8e0ee6ff64407bbc1e1411","Will Biden say ""AI"" or ""Artificial Intelligence"" during his State of the Union address?","Yes|No","1|0","Yes","True","8040.396305","8040.4","[""26229323732293184995714908860294962810393309961012770520259940461706159920139"", ""31371379236706598081012920344210578172178458011870660774905777021705224831855""]","qq","2026-02-06T17:58:26.4864239-08:00"
"903719","What will Biden say during State of the Union?","what-will-biden-say-during-state-of-the-union","2024-03-07T00:00:00Z","255271","0x912ea8ae9b20caec3709b2748c73ae27cee1d1b820d15ef3fb2fd808d3fd097e","Will Biden say ""fentanyl"" during his State of the Union address?","Yes|No","1|0","Yes","True","2216.780841","2216.78","[""97806290080220985372014646575839829073991948553718236244478944603426214252714"", ""70242862093208776931007093042203658657458342473224454766098389828378734281205""]","qq","2026-02-06T17:58:26.4909961-08:00"
"903719","What will Biden say during State of the Union?","what-will-biden-say-during-state-of-the-union","2024-03-07T00:00:00Z","255273","0xa7b60fa610c10f108a0b4cf24f9cfa9af0e027c488644a2da9730fb30927449d","Will Biden say ""Ukraine/Ukranian"" three or more times during his State of the Union address?","Yes|No","1|0","Yes","True","3897.586752","3897.59","[""102736893918362567987665493475277141517879776234088815361480780521268090757735"", ""47407576501790155787933643904710240299744954851108050866106218655847901898875""]","qq","2026-02-06T17:58:26.4929979-08:00"
"903719","What will Biden say during State of the Union?","what-will-biden-say-during-state-of-the-union","2024-03-07T00:00:00Z","255274","0x156686029bcb82a1b984437d664d7cd679c592630b28ddd3478509d2e5d74481","Will Biden say ""Navalny"" during his State of the Union address?","Yes|No","0|1","No","True","3754.234165","3754.23","[""70768377323682212343874506837273953965461184694094944377261932409778430781744"", ""8545664825008844192291585929673969827211238309429422323829577623744573168037""]","qq","2026-02-06T17:58:26.4973376-08:00"
"903719","What will Biden say during State of the Union?","what-will-biden-say-during-state-of-the-union","2024-03-07T00:00:00Z","255275","0x95d9cdb850874733647ec418ef0a871979708ef3221e2db80c8295682c965e74","Will Biden say ""Putin"" during his State of the Union address?","Yes|No","1|0","Yes","True","1560.166654","1560.17","[""15510766373795964903582648748903620102050399218449749175542731121120522420656"", ""53921466077738599412164368599923744818284023425006878370873705974735108046642""]","qq","2026-02-06T17:58:26.5003371-08:00"
"903719","What will Biden say during State of the Union?","what-will-biden-say-during-state-of-the-union","2024-03-07T00:00:00Z","255272","0x0d8e3cc5390661ecd29f72223a8b8a565ecd9abfc15ac0bd91c8b069da11534e","Will Biden say ""China/Chinese"" three or more times during his State of the Union address?","Yes|No","1|0","Yes","True","2400.895058","2400.9","[""72910637732915026297790297920681321393917131858602011209417894577661798856712"", ""8654978856822389333256342206147225068697572581232861477097108159980835525289""]","qq","2026-02-06T17:58:26.5033376-08:00"
"903719","What will Biden say during State of the Union?","what-will-biden-say-during-state-of-the-union","2024-03-07T00:00:00Z","255277","0x8ba41647cfdb13528b1995072e170cc4ccd6d50dc2bc80a636f4bec19ce925e1","Will Biden say ""Moon"" during his State of the Union address?","Yes|No","0|1","No","True","3985.986965","3985.99","[""41476116636275463572776783936644757663830121277542200117493031026970301585406"", ""64582394814591410699625081362361198867138383074819727337773830986047760360413""]","qq","2026-02-06T17:58:26.5074563-08:00"
"903719","What will Biden say during State of the Union?","what-will-biden-say-during-state-of-the-union","2024-03-07T00:00:00Z","255276","0x679f2c9bf215435c9c118ee9fd737af8f6211c13f14054f37ae1e7950749ea63","Will Biden say ""Hunter"" during his State of the Union address?","Yes|No","0|1","No","True","4365.778852","4365.78","[""100721545903286332584861700131146374896228274572206608349511412149587217275806"", ""7456599636742981798210673176896473288879982787760802494219603189788431061889""]","qq","2026-02-06T17:58:26.5104585-08:00"
"903719","What will Biden say during State of the Union?","what-will-biden-say-during-state-of-the-union","2024-03-07T00:00:00Z","255306","0x2a2f3746c1b81eb0f704a5739436080f6d4bc9402e6c4160286c233435645529","Will Biden say ""Bitcoin"" during his State of the Union address?","Yes|No","0|1","No","True","6289.937741","6289.94","[""47919045638330349506510215614182607053580434811178054763736102930269799184500"", ""104886675364610041184047409231359561655510345236314759245750811335309491469786""]","qq","2026-02-06T17:58:26.5134572-08:00"
"903719","What will Biden say during State of the Union?","what-will-biden-say-during-state-of-the-union","2024-03-07T00:00:00Z","255318","0x819510614ba3ed029a38b079d5e3bfc852bb5fc477730f3138ed59f67118f9da","Will Biden say ""folks"" four or more times during his State of the Union address?","Yes|No","1|0","Yes","True","22245.287314","22245.29","[""7789645662335990757981033348807193791273216880979165232343417490509148672929"", ""84934385200995790916003618478641349242404589657487077842952909401650216317332""]","qq","2026-02-06T17:58:26.5204573-08:00"
"903719","What will Biden say during State of the Union?","what-will-biden-say-during-state-of-the-union","2024-03-07T00:00:00Z","255317","0xceaa72bf09e6597981a50fc563fd5df3039e6fc2fb53ca101ef5517faa226ce9","Will Biden say ""Ceasefire"" during his State of the Union address?","Yes|No","1|0","Yes","True","2833.3323069999997","2833.33","[""72627376416690456545378204938573323323627781057046036337388636350222311685479"", ""89375225017136308521547929843505820723524397531495823194690683967532787922245""]","qq","2026-02-06T17:58:26.5255816-08:00"
"903705","Ohio Republican Senate Primary Winner","ohio-republican-senate-primary-winner","2024-03-19T00:00:00Z","255245","0x3df45356be3cd86a3ad093f410246ea11067bcc3a5f8c614e4daad30eaa2cc0d","Will Matt Dolan win the Ohio Republican Senate Primary?","Yes|No","0|1","No","True","25803.815346","25803.82","[""4564203137067670027124373831721855566691737410869709509346026646398949926521"", ""62094036206373996592870737525764583319994632375842834839790681853022823982369""]","qq","2026-02-06T17:58:27.2894927-08:00"
"903705","Ohio Republican Senate Primary Winner","ohio-republican-senate-primary-winner","2024-03-19T00:00:00Z","255247","0x247d957588c3af33cd023f8caa2b5a316c68e4cf903087261934d41734aa7ea2","Will Bernie Moreno win the Ohio Republican Senate Primary?","Yes|No","1|0","Yes","True","21978.848184","21978.85","[""5935397739546780483611038166340506329828270846190134025285047980270174345337"", ""83464328002684450994582387746742678725659711195288516147997615278614588425568""]","qq","2026-02-06T17:58:27.2944938-08:00"
"903705","Ohio Republican Senate Primary Winner","ohio-republican-senate-primary-winner","2024-03-19T00:00:00Z","255246","0x6727df9eedb122a2f1e182709da2475dc7860e56d1ce7dc5b1155ba0199a8faa","Will Frank LaRose win the Ohio Republican Senate Primary?","Yes|No","0|1","No","True","22751.348331","22751.35","[""5317712124953565346311993537887630726644278759205020609641770866682783757004"", ""113309472240448162621474449404114682530184886842900495240154010387450017728050""]","qq","2026-02-06T17:58:27.3144936-08:00"
"903705","Ohio Republican Senate Primary Winner","ohio-republican-senate-primary-winner","2024-03-19T00:00:00Z","255264","0x75d4c9d4e3a80505fb804242bd17a39baab6b6a959860aee9544444746c88f0f","Will another candidate win the Ohio Republican Senate Primary?","Yes|No","0|1","No","True","28633.12","28633.12","[""107330163837315754206719839510875381198202354386212883891080429173952995530213"", ""86313400026724826335521682242093135841588046520515024974272896925400647386223""]","qq","2026-02-06T17:58:27.3204947-08:00"
"903697","South Korea election: Which party wins the most seats?","south-korea-election-which-party-wins-the-most-seats","2024-04-10T00:00:00Z","255235","0x77d4493757464b3bdc1c7ae624a5e3070abb2419c01c266b1bbeb1854df7967d","Will the DPK win the most seats in the South Korean election?","Yes|No","1|0","Yes","True","27725.516108","27725.52","[""100598563294315266415485589221209000051648102429144553312878373104019694300450"", ""89281889758492813483897738120236400337006806183253169064867729596519664752399""]","akak
","2026-02-06T17:58:28.1530995-08:00"
"903697","South Korea election: Which party wins the most seats?","south-korea-election-which-party-wins-the-most-seats","2024-04-10T00:00:00Z","255327","0x2f9028fa6ff25a0abfd07b420714142a1b403f74e87753447629e821d761e50c","Will the PPP win the most seats in the South Korean election?","Yes|No","0|1","No","True","26744.25154","26744.25","[""14636091210399337068582591769499402311784482106386462928426845741136880344023"", ""3722855182434707459703655000371539520749541425589652765840934623291068372793""]","akak
","2026-02-06T17:58:28.1614321-08:00"
"903697","South Korea election: Which party wins the most seats?","south-korea-election-which-party-wins-the-most-seats","2024-04-10T00:00:00Z","255328","0xd4bf3fc5a704a712904f268db474122f1ffccec538a5df059f0f4c85d744a608","Will another party win the most seats in the South Korean election?","Yes|No","0|1","No","True","4317.05","4317.05","[""75996538489751008352815062920002122752676982996291261915295321809359812133793"", ""97217182801700719920490104494768783241135048986299892597489340188780209618810""]","akak
","2026-02-06T17:58:28.1694281-08:00"
"903686","First place in California Senate Primary?","first-place-in-california-senate-primary","2024-03-05T00:00:00Z","255222","0x92b7766d144e1670924646a23c44ff314b804f253539cba5de53aa496b6e373c","Will Steve Garvey get first place in the California Senate Primary?","Yes|No","0|1","No","True","438218.327913","438218.33","[""1452676474814140746387676307740832173392346943128304666168352246208835565850"", ""54426911859630010993931848097932903449879579978186590021298276624988968704954""]","qqqqq","2026-02-06T17:58:29.4929309-08:00"
"903686","First place in California Senate Primary?","first-place-in-california-senate-primary","2024-03-05T00:00:00Z","255221","0xe619ee258c7c51de584bc9f1d251ef94ae479c5faaed33f43d4d434a8e662fbf","Will Adam Schiff get first place in the California Senate Primary?","Yes|No","1|0","Yes","True","622624.681368","622624.68","[""102405433559646998220005749612296634749697112899012225727532608220329665740371"", ""52951429649765400742738267540970804934537004098890031490713282397752753003717""]","qqqqq","2026-02-06T17:58:29.4969298-08:00"
"903686","First place in California Senate Primary?","first-place-in-california-senate-primary","2024-03-05T00:00:00Z","255223","0x857f1f99cc37b738b8e8b5ba076be6a9b48f3e318a15f51dbeac87e026201dc3","Will Katie Porter get first place in the California Senate Primary?","Yes|No","0|1","No","True","60419.015227","60419.02","[""114211979064490862488974101737794053396842400603049979289391502053472395713960"", ""36266128415076904378808377030561249766706510562190862358493955500190342626782""]","qqqqq","2026-02-06T17:58:29.4989314-08:00"
"903686","First place in California Senate Primary?","first-place-in-california-senate-primary","2024-03-05T00:00:00Z","255224","0x6c5eeaf074a4f42a7d05ce2aa441b62a16f8f67452af259815bf894edd9900e4","Will another candidate get first place in the California Senate Primary?","Yes|No","0|1","No","True","22209.36","22209.36","[""54245730487973188475882501708672297212883907248024679683654487013032663477035"", ""54568333426756217176784210547471026422387867840226015728996260641912847080027""]","qqqqq","2026-02-06T17:58:29.5009282-08:00"
"903685","Texas Democratic Senate Primary","texas-democratic-senate-primary","2024-03-05T00:00:00Z","255211","0xc276492866ae9a67ce9c294592c7995baa0bd8a3347b280a3e24bc4586c4c9be","Will Colin Allred win the Texas Democratic Senate Primary?","Yes|No","1|0","Yes","True","13437.882024","13437.88","[""62650037025136860257828250722819535821079561797092830428279297162590763013121"", ""82131400384923988869550278961689660431384987697819744038757227766113600516426""]","qqqq","2026-02-06T17:58:29.6130104-08:00"
"903685","Texas Democratic Senate Primary","texas-democratic-senate-primary","2024-03-05T00:00:00Z","255215","0xdc2609cd9f056484c4695588c7fe815f410dd57a499bff09315f70042a80f978","Will Robert Hassan win the Texas Democratic Senate Primary?","Yes|No","0|1","No","True","3622","3622","[""1227913143459919186230353945170671695598529415379791672945551523041851476991"", ""44270778094673194639625516121165047204625623776946024366186126979822102908839""]","qqqq","2026-02-06T17:58:29.6160077-08:00"
"903685","Texas Democratic Senate Primary","texas-democratic-senate-primary","2024-03-05T00:00:00Z","255218","0xc9376b338b0e1839baf5bdf6a44ec5128ae7b7c0b3cb097de86c0898f9b4e657","Will Heli Rodriguez-Prilliman win the Texas Democratic Senate Primary?","Yes|No","0|1","No","True","3000","3000","[""51065989425732081333302538940530383666830159609822345742279472096750391051366"", ""111770322217443284447690241594649484599371008666598348552319567054060808870259""]","qqqq","2026-02-06T17:58:29.6180076-08:00"
"903685","Texas Democratic Senate Primary","texas-democratic-senate-primary","2024-03-05T00:00:00Z","255219","0xc73ab592e944d926f07c06ea74e7a3fa0ef06abd10266b86f7608c9339b62d60","Will Thierry Tchenko win the Texas Democratic Senate Primary?","Yes|No","0|1","No","True","1333","1333","[""57005933783486968608381598520771553635217643637605691420291572675858241025601"", ""90880946849699370704009102212822619655549068788719662200044107066426301558487""]","qqqq","2026-02-06T17:58:29.6200078-08:00"
"903685","Texas Democratic Senate Primary","texas-democratic-senate-primary","2024-03-05T00:00:00Z","255214","0x2f325dc9451c8d282dbdecd8131c70b0cdd0054d084c285a1002ea596a598e5a","Will Roland Gutierrez win the Texas Democratic Senate Primary?","Yes|No","0|1","No","True","4292.988112999999","4292.99","[""90641352089625300301896958972093920457963995521476483576758080337903911259362"", ""60522148861887282105310985048706410292556308160411572777050208716429002221006""]","qqqq","2026-02-06T17:58:29.6250073-08:00"
"903685","Texas Democratic Senate Primary","texas-democratic-senate-primary","2024-03-05T00:00:00Z","255217","0xfd14732dc753697d59155901321a18b754fdfd398496b9e3c95a4552d48e2095","Will Carl Sherman win the Texas Democratic Senate Primary?","Yes|No","0|1","No","True","3622","3622","[""84951574462105688905962943600403245109801429023860212009620727884684813377930"", ""11165602563930162012980595816193571260511360251094457379307974511745991567411""]","qqqq","2026-02-06T17:58:29.6280080-08:00"
"903685","Texas Democratic Senate Primary","texas-democratic-senate-primary","2024-03-05T00:00:00Z","255216","0xc8578f2e53dd25cbbef29a33b97e30e386aee304304a65ece5627b51336c5fdd","Will Steven Keough win the Texas Democratic Senate Primary?","Yes|No","0|1","No","True","3070.2","3070.2","[""51184177111538976103073545932200553406396631522748925226128228737904547900951"", ""69123833421401735269361687829294533941039610350066741977282432531336612444855""]","qqqq","2026-02-06T17:58:29.6300072-08:00"
"903685","Texas Democratic Senate Primary","texas-democratic-senate-primary","2024-03-05T00:00:00Z","255213","0xb8b337f151f74ead7c0cbe0a6c49e172d1990e574072b8caa34b39e81be554e9","Will Mark Gonzalez win the Texas Democratic Senate Primary?","Yes|No","0|1","No","True","3733","3733","[""66646997327912099987963823776006951142995764280680785533969260448710299453294"", ""41895916719693519456878600207165076983241268103878119301409233597048343640582""]","qqqq","2026-02-06T17:58:29.6320158-08:00"
"903685","Texas Democratic Senate Primary","texas-democratic-senate-primary","2024-03-05T00:00:00Z","255212","0x4f0b7e7eec5641688b1af566247b7f838f388bca19eff73b9f5df6b303aba3ec","Will Meri Gomez win the Texas Democratic Senate Primary?","Yes|No","0|1","No","True","3222","3222","[""82931215118870148964334321396960948465213380790783637371751491702028966309735"", ""53506222535356649261412769943919225949204613056520247063646249291127916769983""]","qqqq","2026-02-06T17:58:29.6340127-08:00"
"903685","Texas Democratic Senate Primary","texas-democratic-senate-primary","2024-03-05T00:00:00Z","255220","0x51aee40d901cf74879bb82a8fee9758654ab22fc378d6e6a29267f3970941aeb","Will another candidate win the Texas Democratic Senate Primary?","Yes|No","0|1","No","True","1600","1600","[""62908079679291494474738877176785217886420306440987693694726583146198910727655"", ""40674082187262088359265860070225203772058049400051040940049374080812138516839""]","qqqq","2026-02-06T17:58:29.6350080-08:00"
"903684","Wyoming Presidential Election Winner","wyoming-presidential-election-winner","2024-11-05T12:00:00Z","255210","0x7d5ecc7d978e4c1448dab5d54c0edf0111dc85ae3d42ae1d4d0cd6cef97b9f4d","Will a candidate from another party win Wyoming Presidential Election?","Yes|No","0|1","No","True","831551.160301","831551.160301","[""88947723505285699383180319288030749081334633172671258850090076076565184869719"", ""24426832617353871495745761652953683921448765419946202769883686490723741005197""]","This is a market on predicting the winner of the presidential election in Wyoming.","2026-02-06T17:58:29.7544648-08:00"
"903684","Wyoming Presidential Election Winner","wyoming-presidential-election-winner","2024-11-05T12:00:00Z","255208","0xefa424b1850029ac2634a78dd451f2ca02bd4acb1ebb68146c4c5b68530cf0a5","Will a Democrat win Wyoming Presidential Election?","Yes|No","0|1","No","True","427156.112293","427156.112293","[""14341295594779165114081046854873989690318126755943663957047235625393550409466"", ""17908824149149270651587162874698646672719192504204001318890308230138994030956""]","This is a market on predicting the winner of the presidential election in Wyoming.","2026-02-06T17:58:29.7584668-08:00"
"903684","Wyoming Presidential Election Winner","wyoming-presidential-election-winner","2024-11-05T12:00:00Z","255209","0x953df935219461ccfd3cb6367cc03f03856e850e4a51194f4a963156c4272370","Will a Republican win Wyoming Presidential Election?","Yes|No","1|0","Yes","True","896320.985775","896320.985775","[""5342322558879135113719590672336545201290330534347169248566656938864331545571"", ""85609195379550704478189619591546878697047406538585515787949960554457829881601""]","This is a market on predicting the winner of the presidential election in Wyoming.","2026-02-06T17:58:29.7618396-08:00"
"903683","Who will win Wisconsin?","wisconsin-presidential-election-winner","2024-11-05T12:00:00Z","255207","0x357378be4b958929f618b03a935489b0e19ee4e21247f7a89c4ec036fe95d3ed","Will a candidate from another party win Wisconsin Presidential Election?","Yes|No","0|1","No","True","4005229.567143","4005229.567143","[""15445683044807245440643964562749794547997278062786769129998648705745735794884"", ""19471816093184171720567002785947355544067857034573966306794855872869378777905""]","This is a market on the winner of the Wisconsin presidential election.","2026-02-06T17:58:29.8805153-08:00"
"903683","Who will win Wisconsin?","wisconsin-presidential-election-winner","2024-11-05T12:00:00Z","255205","0x34b5567e4f9a1b9561fba0f39c60b4da1f33052c8918dedc954401494d947cee","Will a Democrat win Wisconsin Presidential Election?","Yes|No","0|1","No","True","5092982.501493","5092982.501493","[""7374237615890526880478224649885278725219793468355446734533315746155037370158"", ""9957028331163987805873971753654507302936617692682833719706803039129302643823""]","This is a market on the winner of the Wisconsin presidential election.","2026-02-06T17:58:29.8835130-08:00"
"903683","Who will win Wisconsin?","wisconsin-presidential-election-winner","2024-11-05T12:00:00Z","255206","0xa59e2e79dc1a564477c8d77dc32c30b37c0f4c8782c8cc062a7f788295cd91bb","Will a Republican win Wisconsin Presidential Election?","Yes|No","1|0","Yes","True","4183199.18926","4183199.18926","[""8506489790932625039746959405160059426243994232527626857062384302531008283468"", ""37895399735091212468277241955774995998030599087730955643490691793429355663153""]","This is a market on the winner of the Wisconsin presidential election.","2026-02-06T17:58:29.8855138-08:00"
"903682","West Virginia Presidential Election Winner","west-virginia-presidential-election-winner","2024-11-05T12:00:00Z","255204","0xa9c1b7bfa73021c7a5a975b5eca08c7c0d7779579b063fcbddb89d33543894e0","Will a candidate from another party win West Virginia Presidential Election?","Yes|No","0|1","No","True","1132009.024452","1132009.024452","[""84290330557385323356526920177490834914065453771250083241756316649482567882704"", ""114843000172732339650159789873532614116465805164540292610472526483008449382506""]","This is a market on predicting the winner of the presidential election in West Virginia.","2026-02-06T17:58:29.9971978-08:00"
"903682","West Virginia Presidential Election Winner","west-virginia-presidential-election-winner","2024-11-05T12:00:00Z","255202","0xce2a7ffa1b5d591638f8b59db57c2b104b12c5aafa5f1b373d270e8c56297a3a","Will a Democrat win West Virginia Presidential Election?","Yes|No","0|1","No","True","55242.761058","55242.761058","[""78544734232759888400902911250730599725160580318332986976075981280065638676198"", ""100352893635765531375832516111400283536784509661919853199751657724701371362570""]","This is a market on predicting the winner of the presidential election in West Virginia.","2026-02-06T17:58:30.0021971-08:00"
"903682","West Virginia Presidential Election Winner","west-virginia-presidential-election-winner","2024-11-05T12:00:00Z","255203","0xb31067bef802154e2a6fbe1fff825bf2769860dfa829c4bf71463bc357df3023","Will a Republican win West Virginia Presidential Election?","Yes|No","1|0","Yes","True","120831.511478","120831.511478","[""55101621832929791559343826945557585962064088322494549864822043888829582860479"", ""102166724325821581581981999311085840950370317506783911932906731546366483222428""]","This is a market on predicting the winner of the presidential election in West Virginia.","2026-02-06T17:58:30.0052001-08:00"
"903681","Washington Presidential Election Winner","washington-presidential-election-winner","2024-11-05T12:00:00Z","255199","0x253d32feaaee1bc6eaa4e147470d33c2f4638224eae188960653486e5bf658db","Will a Democrat win Washington Presidential Election?","Yes|No","1|0","Yes","True","386592.717129","386592.717129","[""19062100176026748446213405174819858109684423777965681445486983687609963360808"", ""103266443677343746789921697716900170882545110502102780761902624670673976522606""]","This is a market on predicting the winner of the Washington Presidential Election.","2026-02-06T17:58:30.1188419-08:00"
"903681","Washington Presidential Election Winner","washington-presidential-election-winner","2024-11-05T12:00:00Z","255201","0x21cb5bb2d1d97b8faa14829b54183c360d9dc449d6dd2298108792b50ead9d64","Will a candidate from another party win Washington Presidential Election?","Yes|No","0|1","No","True","139558.217028","139558.217028","[""45707120010925428901399010334714886168663041774329016976269280856583414101569"", ""7506537464676745226214430815850317266606535645663440086849210565357466692590""]","This is a market on predicting the winner of the Washington Presidential Election.","2026-02-06T17:58:30.1208428-08:00"
"903681","Washington Presidential Election Winner","washington-presidential-election-winner","2024-11-05T12:00:00Z","255200","0xccfc2642dcc76756895c101dcf98f3cba65cb501026354a533ae25e7112382c9","Will a Republican win Washington Presidential Election?","Yes|No","0|1","No","True","228352.566157","228352.566157","[""94235946906178658512456575183052971380329766947917734276009677699582786499833"", ""72236656707959579668910416300512707784279380357329181168137740432272978331776""]","This is a market on predicting the winner of the Washington Presidential Election.","2026-02-06T17:58:30.1238366-08:00"
"903679","Virginia Presidential Election Winner","virginia-presidential-election-winner","2024-11-05T12:00:00Z","255191","0x2758b209d0ce348873b100c1205c2e3c2449222f211e4e9857e29e3071a65fad","Will a Democrat win Virginia Presidential Election?","Yes|No","1|0","Yes","True","4684337.336559","4684337.336559","[""27523375682021765390588187766633015068126055655405967473976256668819938305564"", ""100012098696512710839019980186408856624583838884974450954169454065204180810679""]","This is a market on predicting the winner of the Virginia presidential election.","2026-02-06T17:58:30.3439441-08:00"
"903679","Virginia Presidential Election Winner","virginia-presidential-election-winner","2024-11-05T12:00:00Z","255196","0xfefbd6fa16a276839af9d87e7e649b0ccc90a2b36e63b5e48f50fb8da76bcb33","Will a Republican win Virginia Presidential Election?","Yes|No","0|1","No","True","5686644.973209","5686644.973209","[""12492345628750728733117864804710670673000799233202537945402703429199967167327"", ""98655764136912778102383796145657646896499703812579130341823339710060217043232""]","This is a market on predicting the winner of the Virginia presidential election.","2026-02-06T17:58:30.3469423-08:00"
"903679","Virginia Presidential Election Winner","virginia-presidential-election-winner","2024-11-05T12:00:00Z","255198","0x39739e38954e57138565a5b3acf5209c902b495a5c89b09b8b39812768cb3a59","Will a candidate from another party win Virginia Presidential Election?","Yes|No","0|1","No","True","10128418.660898","10128418.660898","[""64970547082044122314358581282478773510082323677156821666082597053930008252692"", ""97804444239027577772816218652006049032177105541071669332591382552865006690590""]","This is a market on predicting the winner of the Virginia presidential election.","2026-02-06T17:58:30.3489414-08:00"
"903678","Trump Margin of Victory in Missouri Caucus?","trump-margin-of-victory-in-missouri-caucus","2024-03-02T00:00:00Z","255189","0x8c20b614255c4d60ae6d7f27318ca6f4e41316b6fadd8b555b29e518b2001c5d","Will Trump win the Missouri Caucus by between 50-60% of the vote?","Yes|No","0|1","No","True","45199.999169","45200","[""42501030338388425386683254271276135161139120307994772397531887576462866912897"", ""3214991651929708905086415529788320047467341128215234026963284305947887492676""]","qqqq","2026-02-06T17:58:30.4759944-08:00"
"903678","Trump Margin of Victory in Missouri Caucus?","trump-margin-of-victory-in-missouri-caucus","2024-03-02T00:00:00Z","255194","0xa8a3a63582954cada8344ac4dcdbf3eabb9716b34aa2b18a58dcf3af549f8941","Will Trump win the Missouri Caucus by between 20-30% of the vote?","Yes|No","0|1","No","True","51.0505","51.05","[""20184967681244797695305465362921934381214181627844321065251073358856135648061"", ""93764381892281147618018436638588001913698084306682274105835615772574918738137""]","qqqq","2026-02-06T17:58:30.4779972-08:00"
"903678","Trump Margin of Victory in Missouri Caucus?","trump-margin-of-victory-in-missouri-caucus","2024-03-02T00:00:00Z","255192","0xc065ee5396b12cfc23bafd5a6b5ab8bb2760194ca8d4bbf106e9e1fa671c2079","Will Trump win the Missouri Caucus by between 40-50% of the vote?","Yes|No","0|1","No","True","400.110896","400.11","[""108849081914728117208238106206747232886427198658691921383204245496000355997298"", ""43668782883784490034154615723788745499045517920455516815614969699142250494117""]","qqqq","2026-02-06T17:58:30.4799956-08:00"
"903678","Trump Margin of Victory in Missouri Caucus?","trump-margin-of-victory-in-missouri-caucus","2024-03-02T00:00:00Z","255195","0x6e4ec4a0f3e8aebf7e49b6f1910463b71a96c0af75034b4497e5c4430181972d","Will Trump win the Missouri Caucus by less than 20% of the vote?","Yes|No","0|1","No","True","30.408","30.41","[""16984786304261826024966176219560068181498565081776044654246838534810794567566"", ""102243204347474718857060853402888078939932624816297752304692307725641531481024""]","qqqq","2026-02-06T17:58:30.4809951-08:00"
"903678","Trump Margin of Victory in Missouri Caucus?","trump-margin-of-victory-in-missouri-caucus","2024-03-02T00:00:00Z","255193","0xabd0ec46e81d168f17bad39cf022a0b0262f55ae4487f7a9d71b46ea43845832","Will Trump win the Missouri Caucus by between 30-40% of the vote?","Yes|No","0|1","No","True","238.7","238.7","[""28278257043790168796961333156261302980865749205291011716519919821229762954661"", ""62717590790162483705698918893606049144421478621298911816922422910785050747467""]","qqqq","2026-02-06T17:58:30.4819948-08:00"
"903678","Trump Margin of Victory in Missouri Caucus?","trump-margin-of-victory-in-missouri-caucus","2024-03-02T00:00:00Z","255188","0x44ebed46b1e37d266851da6d24e67087fffeaca8745227ee476892485afc4326","Will Trump win the Missouri Caucus by more than 60% of the vote?","Yes|No","1|0","Yes","True","450.07653600000003","450.08","[""69561424449221599125680585509389833754791625160954844802413780069334947181074"", ""95427414934328433852606734085134627307516953271566344989985239717747145153438""]","qqqq","2026-02-06T17:58:30.4859909-08:00"
"903677","Vermont Presidential Election Winner","vermont-presidential-election-winner","2024-11-05T12:00:00Z","255186","0x8a33bf23210666f8f49a8fa8f7a54bb0a55a8b0c929f78c6bd4ce3867b80d832","Will a Democrat win Vermont Presidential Election?","Yes|No","1|0","Yes","True","151103.250627","151103.250627","[""11028128816747208091712416695867799346427713160768328916071913494285831076399"", ""19064017959212910994646458689910004951720991332986086157865346902822093585076""]","This is a market on predicting the winner of the presidential election in Vermont.","2026-02-06T17:58:30.5935242-08:00"
"903677","Vermont Presidential Election Winner","vermont-presidential-election-winner","2024-11-05T12:00:00Z","255187","0x3acbd665f6918c5dd46f1b2d05073dc6b0247f5b9b67cd59c6ea89219111ff57","Will a Republican win Vermont Presidential Election?","Yes|No","0|1","No","True","137102.643379","137102.643379","[""76092596726198361963723953215831515429856423973929903397465402948022546314415"", ""67472833264817491147966650326420021123413109747272536196035621197428430819408""]","This is a market on predicting the winner of the presidential election in Vermont.","2026-02-06T17:58:30.5955251-08:00"
"903677","Vermont Presidential Election Winner","vermont-presidential-election-winner","2024-11-05T12:00:00Z","255190","0x73b831f2d0b3af722af24ff96b9475246843cae9af44eaacb9ef1d41acc3560e","Will a candidate from another party win Vermont Presidential Election?","Yes|No","0|1","No","True","122905.978398","122905.978398","[""22971655742083879771310881982857965107406409438735841565446852769635357113335"", ""25416911892328273417983401067908563841962764685772106223228326796431287289335""]","This is a market on predicting the winner of the presidential election in Vermont.","2026-02-06T17:58:30.5965222-08:00"
